Workbook

Sheet 표지
A1: =_xlfn.CONCAT(YEAR(O1),"년 ",MONTH(O1),"월호 울산지역 주요경제통계") -> 2026년 4월호 울산지역 주요경제통계 | N1: 날짜 | O1: 46113
A3: 1. 통계 전반에 걸쳐서 사용된 기호의 뜻은 다음과 같음
A5: [ 0 ] | B5: 단위미만(0포함)
A6: [ - ] | B6: 해당사항 없음
A7: [ .. ] | B7: 미상
A8: [ r ] | B8: 정정
A9: [ p ] | B9: 잠정치
A10: [ Δ ] | B10: 시계열의 비연속: 이 기호가 붙은 숫자의 경우 그 이후와 이전의 시계열은 직접 비교할 수 없음
A12: 2. 모든 통계는 합계와 세목이 각각 반올림되었으므로 세목의 합계가 "합계"와 일치하지 않을 수 있음
A14: 3. 통계표 중 전월호의 수치와 일치하지 않는 통계는 최근호에서 정정된 것으로 최근호가 정확함
A16: 4. 울산지역 금융통계상의 금융기관 포괄범위
A17: 가. 예금은행
A18: (1) 일반은행 : 시중은행, 지방은행
A19: (2) 특수은행 : 기업은행, 농협은행, 수협은행, 산업은행
A21: 나. 비은행금융기관
A22: o 한국수출입은행
A23: o 종합금융회사
A24: o 집합투자업자, 신탁업자, 상호저축은행
A25: o 신용협동기구(상호금융, 새마을금고, 신용협동조합)
A26: o 우체국
... A34: 8. 『2024.6월호 울산지역 경제동향』부터 "개인 신용카드 판매액" 통계 제공을 중단하며, 『2024.7월호 울산지역 경제동향』부터 『울산지역 주요경제통계』를 엑셀파일로 제공

Sheet 1.1. 한국은행 계정
A1: 울산지역 주요경제통계
A3: Ⅰ- 1. 금융통계
A5: 1. 한국은행 계정
A6: (울산본부) | G6: (억원)
A7: 연월말 | B7: 화폐 발행 및 환수 | D7: 예금 및 대출금 | F7: 국고 세입 및 세출
B8: 발행 | C8: 환수 | D8: 예금 | E8: 대출금 | F8: 세입 | G8: 세출
A11: 40544 | B11: 12248 | C11: 3937 | D11: 599 | E11: 1401 | F11: 182035 | G11: 4745
A12: =DATE(YEAR(A11)+1,MONTH(A11),1) -> 40909 | B12: 1896 | C12: 769 | D12: 670 | E12: 1401 | F12: 186539 | G12: 4998
A13: =DATE(YEAR(A12)+1,MONTH(A12),1) -> 41275 | B13: 132 | C13: 132 | D13: 731 | E13: 1401 | F13: 197915 | G13: 5587
A14: =DATE(YEAR(A13)+1,MONTH(A13),1) -> 41640 | B14: 162 | C14: 162 | D14: 674 | E14: 1649 | F14: 177874 | G14: 6053
A15: =DATE(YEAR(A14)+1,MONTH(A14),1) -> 42005 | B15: 191 | C15: 190 | D15: 631 | E15: 1649 | F15: 153147 | G15: 5828
A16: =DATE(YEAR(A15)+1,MONTH(A15),1) -> 42370 | B16: 206 | C16: 206 | D16: 706 | E16: 1649 | F16: 159178 | G16: 6968
A17: =DATE(YEAR(A16)+1,MONTH(A16),1) -> 42736 | B17: 203 | C17: 203 | D17: 812 | E17: 1649 | F17: 183259 | G17: 7205
A18: =DATE(YEAR(A17)+1,MONTH(A17),1) -> 43101 | B18: 213 | C18: 213 | D18: 794 | E18: 1649 | F18: 191119 | G18: 6647
A19: =DATE(YEAR(A18)+1,MONTH(A18),1) -> 43466 | B19: 219 | C19: 219 | D19: 1092 | E19: 1649 | F19: 183483 | G19: 6938
A20: =DATE(YEAR(A19)+1,MONTH(A19),1) -> 43831 | B20: 216 | C20: 216 | D20: 583 | E20: 4049 | F20: 150307 | G20: 8089
A21: =DATE(YEAR(A20)+1,MONTH(A20),1) -> 44197 | B21: 248 | C21: 248 | D21: 660 | E21: 4012 | F21: 183024 | G21: 8914
A22: =DATE(YEAR(A21)+1,MONTH(A21),1) -> 44562 | B22: 101 | C22: 101 | D22: 1092 | E22: 4049 | F22: 211052 | G22: 9468
A23: =DATE(YEAR(A22)+1,MONTH(A22),1) -> 44927 | B23: 72 | C23: 72 | D23: 875 | E23: 1649 | F23: 172096 | G23: 8698
... A25: =DATE(YEAR(A24)+1,MONTH(A24),1) -> 45658 | B25: 67 | C25: 67 | D25: 1022 | E25: 5137 | F25: 194439 | G25: 9775
A27: =DATE(YEAR(표지!O1)-2,MONTH(표지!O1)-1,1) -> 45352 | B27: 4 | C27: 4 | D27: 1169 | E27: 1649 | F27: 2945 | G27: 699
A28: =DATE(YEAR(A27),MONTH(A27)+1,1) -> 45383 | B28: 4 | C28: 4 | D28: 1068 | E28: 2200 | F28: 24996 | G28: 596
A29: =DATE(YEAR(A28),MONTH(A28)+1,1) -> 45413 | B29: 3 | C29: 3 | D29: 1132 | E29: 3304 | F29: 12550 | G29: 538
A30: =DATE(YEAR(A29),MONTH(A29)+1,1) -> 45444 | B30: 3 | C30: 3 | D30: 1265 | E30: 3897 | F30: 7512 | G30: 822
A31: =DATE(YEAR(A30),MONTH(A30)+1,1) -> 45474 | B31: 3 | C31: 3 | D31: 1063 | E31: 3897 | F31: 24438 | G31: 672
A32: =DATE(YEAR(A31),MONTH(A31)+1,1) -> 45505 | B32: 3 | C32: 3 | D32: 1112 | E32: 3897 | F32: 7106 | G32: 562
A33: =DATE(YEAR(A32),MONTH(A32)+1,1) -> 45536 | B33: 14 | C33: 14 | D33: 1340 | E33: 3897 | F33: 20316 | G33: 585
A34: =DATE(YEAR(A33),MONTH(A33)+1,1) -> 45566 | B34: 3 | C34: 3 | D34: 1163 | E34: 3897 | F34: 18354 | G34: 474
A35: =DATE(YEAR(A34),MONTH(A34)+1,1) -> 45597 | B35: 3 | C35: 3 | D35: 1124 | E35: 3897 | F35: 5197 | G35: 495
A36: =DATE(YEAR(A35),MONTH(A35)+1,1) -> 45627 | B36: 3 | C36: 3 | D36: 978 | E36: 3897 | F36: 20065 | G36: 1348
A38: =DATE(YEAR(A36),MONTH(A36)+1,1) -> 45658 | B38: 18 | C38: 18 | D38: 1506 | E38: 3897 | F38: 20358 | G38: 637
A39: =DATE(YEAR(A38),MONTH(A38)+1,1) -> 45689 | B39: 3 | C39: 3 | D39: 1356 | E39: 1356 | F39: 12600 | G39: 823
A40: =DATE(YEAR(A39),MONTH(A39)+1,1) -> 45717 | B40: 3 | C40: 3 | D40: 1141 | E40: 5137 | F40: 10422 | G40: 695
A41: =DATE(YEAR(A40),MONTH(A40)+1,1) -> 45748 | B41: 4 | C41: 4 | D41: 1203 | E41: 5137 | F41: 19140 | G41: 586
A42: =DATE(YEAR(A41),MONTH(A41)+1,1) -> 45778 | B42: 3 | C42: 3 | D42: 1407 | E42: 5137 | F42: 7056 | G42: 669
A43: =DATE(YEAR(A42),MONTH(A42)+1,1) -> 45809 | B43: 3 | C43: 3 | D43: 1213 | E43: 5137 | F43: 19695 | G43: 795
A44: =DATE(YEAR(A43),MONTH(A43)+1,1) -> 45839 | B44: 4 | C44: 4 | D44: 1580 | E44: 5137 | F44: 18135 | G44: 743
A45: =DATE(YEAR(A44),MONTH(A44)+1,1) -> 45870 | B45: 3 | C45: 3 | D45: 1565 | E45: 5137 | F45: 5067 | G45: 545
A46: =DATE(YEAR(A45),MONTH(A45)+1,1) -> 45901 | B46: 10 | C46: 10 | D46: 1719 | E46: 5055 | F46: 22737 | G46: 571
A47: =DATE(YEAR(A46),MONTH(A46)+1,1) -> 45931 | B47: 7 | C47: 7 | D47: 1270 | E47: 5137 | F47: 21375 | G47: 521
A48: =DATE(YEAR(A47),MONTH(A47)+1,1) -> 45962 | B48: 3 | C48: 3 | D48: 1560 | E48: 5137 | F48: 14622 | G48: 503
A49: =DATE(YEAR(A48),MONTH(A48)+1,1) -> 45992 | B49: 5 | C49: 5 | D49: 1022 | E49: 5137 | F49: 23232 | G49: 2687
A51: =DATE(YEAR(A49),MONTH(A49)+1,1) -> 46023 | B51: 3 | C51: 3 | D51: 1094 | E51: 5137 | F51: 15000 | G51: 1635
A52: =DATE(YEAR(A51),MONTH(A51)+1,1) -> 46054 | B52: 21 | C52: 21 | D52: 832 | E52: 5137 | F52: 10778 | G52: 1658
A53: =DATE(YEAR(A52),MONTH(A52)+1,1) -> 46082 | B53: 4 | C53: 4 | D53: 917 | E53: 5137 | F53: 22533 | G53: 1659

Sheet 1.2~3.여수신 등
A1: 2.예금은행 여수신 | K1: 2. 예금은행 여수신 | AB1: 2. 예금은행 여수신 | AP1: 2. 예금은행 여수신 | AX1: 2. 예금은행 여수신 | BF1: 2. 예금은행 여수신 | BP1: 2. 예금은행 여수신 | CB1: 3.비은행예금취급기관 여수신 | CK1: 13. 비은행예금취급기관 | CS1: 13. 비은행예금취급기관
AB2: 2.2 예금은행 대출금 | AP2: 2.2.2. 주체별 및 용도별 대출금 | AX2: 2.2.3. 기업자금 대출금 | CK2: 3.2 비은행예금취급기관1) 여신
A3: 2.1 예금은행 수신 | AB3: 2.2.1 자금별 대출금 | AP3: (울산) | AW3: (억원) | AX3: (울산) | BE3: (억원) | BF3: 2.2.4 산업별 대출금1)2) | CB3: 3.1 비은행예금취급기관1) 수신 | CK3: 3.2.1 기관별 여신 | CS3: 3.2.2 차입주체별 여신
A4: (울산) | J4: (억원) | K4: (울산) | S4: (억원) | T4: (울산) | AA4: (억원) | AB4: (울산) | AO4: (억원) | AP4: 연월말 | AQ4: 총대출금 | AR4: 주체별 | AV4: 용도별 | AX4: 연월말 | AY4: 총대출금 | AZ4: 기업자금 대출금 | BE4: 중소기업 대출비중1) | BF4: (울산) | CA4: (억원) | CB4: (울산) | CJ4: (억원) | CK4: (울산) | CR4: (억원) | CS4: (울산) | CX4: (억원)
A5: 연월말 | B5: 총수신1) | C5: 예 금 | F5: 시장성 수신 | K5: 연월말 | L5: 총예금 | M5: 요 구 불 예 금 | T5: 저 축 성 예 금 | AB5: 연월말 | AC5: 총대출금 | AD5: 금융자금 | AO5: 재정자금4) | AR5: 기업 | AS5: 가계 | AU5: 공공 및 기타1) | AV5: 운전자금 | AW5: 시설자금 | AZ5: 소계 | BA5: 대기업 | BB5: 중소기업 | BF5: 연월말 | BG5: 산업별 대출금 | BP5: 산업별 대출금 | BZ5: 가계대출 | CA5: 대출금 총계 | CB5: 연월말 | CK5: 연월말 | CS5: 연월말 | CT5: 기업1) | CW5: 가계2)
C6: 소계 | D6: 요구불예금 | E6: 저축성예금 | F6: 소계 | G6: CD | H6: 금융채 | I6: 매출어음 | J6: RP | M6: 소 계 | N6: 당좌예금 | O6: 가계당좌예금 | P6: 보통예금 | Q6: 별단예금 | R6: 공공예금 | S6: 기 타1) | T6: 소 계 | U6: 정기예금 | V6: 정기적금 | W6: 저축예금 | X6: 기업자유예금 | Y6: 수입부금 | Z6: 주택부금 | AA6: 기 타2) | AD6: 소계 | AE6: 일반자금1) | AF6: 주택관련 대출2) | AG6: 무역금융 | AH6: 외상매출 채권담보 | AI6: 중소기업 자금3) | AJ6: 기업구매자금 | AK6: 할인어음 | AL6: 농업자금 | AM6: 당좌대출 | AN6: 기타 | AT6: (주택담보대출) | BC6: 운전자금 | BD6: 시설자금 | BG6: 산업대출금 합계 | BH6: 제조업 소계 | BI6: 제조업 시설자금 | BJ6: 석유화학 | BK6: 제1차금속 | BL6: 금속가공 | BM6: 기계장비 | BN6: 자동차 | BO6: 조선 및 기타 운송 | BP6: 비제조업 소계1) | BQ6: 농림어업 | BR6: 광업 | BS6: 건설업 | BT6: 전기가스 및 공기조절공급업 | BU6: 도매 및 소매업 | BV6: 숙박 및 음식업 | BW6: 운수 및 창고업 | BX6: 금융 및 보험업 | BY6: 부동산업 | CC6: 계 | CD6: 자산운용회사2) | CE6: 신탁회사3) | CF6: 상호저축은행 | CG6: 신용협동조합 | CH6: 상호금융4) | CI6: 새마을금고 | CJ6: 기타5) | CL6: 계 | CM6: 신탁회사2) | CN6: 상호저축은행 | CO6: 신용협동조합 | CP6: 상호금융3) | CQ6: 새마을금고 | CR6: 기타4) | CU6: 대기업 | CV6: 중소기업 | CX6: (주택담보대출)3)
A7: 2019 | B7: 173388 | C7: 166463 | D7: 32472.22 | E7: 133990.49 | F7: 6924.42 | G7: 1980.94 | H7: 4417.58 | I7: 29.27 | J7: 496.63 | K7: 2019 | L7: 166463 | M7: 32472.22 | N7: 112.33 | O7: 235.6 | P7: 24156.1 | Q7: 4299.63 | R7: 3662.73 | S7: 5.83 | T7: 133990.49 | U7: 63465.91 | V7: 5344.73 | W7: 43034.83 | X7: 16722.75 | Y7: 1796.15 | Z7: 93.99 | AA7: 3532.13 | AB7: 2019 | AC7: 284951 | AD7: 277778.73 | AE7: 237279.77 | AF7: 26317.51 | AG7: 3298.51 | AH7: 3048.06 | AI7: 1955.97 | AJ7: 955.1 | AK7: 790.41 | AL7: 2127.78 | AM7: 65.46 | AN7: 1940.16 | AO7: 7172.36 | AP7: 2019 | AQ7: 284951 | AR7: 160063.05 | AS7: 120972.36 | AT7: 81136.91 | AU7: 3915.7 | AV7: 208021.75 | AW7: 76929.35 | AX7: 2019 | AY7: 284951 | AZ7: 160063.05 | BA7: 25945 | BB7: 134117.57 | BC7: 69518.11 | BD7: 64599.46 | BE7: 47.066889 | BF7: 2019 | BG7: 163979 | BH7: 77335 | BI7: 31871 | BJ7: 10748 | BK7: 4988 | BL7: 6873 | BM7: 12627 | BN7: 21113 | BO7: 6488 | BP7: 86645 | BQ7: 1062 | BR7: 383 | BS7: 4915 | BT7: 1835 | BU7: 16592 | BV7: 9388 | BW7: 5829 | BX7: 850 | BY7: 22797 | BZ7: 120972.36 | CA7: 284951 | CB7: 2019 | CC7: 263818 | CD7: 29663.84 | CE7: 43884.036 | CF7: 1401.08 | CG7: 20015.1 | CH7: 84546.348 | CI7: 71788.546 | CJ7: 12519.05 | CK7: 2019 | CL7: 141089 | CM7: 180.93423 | CN7: 1178.06 | CO7: 16220.2 | CP7: 66694.348 | CQ7: 54806.66 | CR7: 2008.7973 | CS7: 2019 | CT7: 37529.104 | CU7: 1350.29 | CV7: 36178.814 | CW7: 94915 | CX7: 31750
A8: 2020 | B8: 187168 | C8: 182316 | D8: 41330.45 | E8: 140985.44 | F8: 4852.07 | G8: 714.12 | H8: 3592.45 | I8: 71.79 | J8: 473.71 | K8: 2020 | L8: 182316 | M8: 41330.45 | N8: 237.02 | O8: 273.1 | P8: 31402.67 | Q8: 4784.82 | R8: 4628.36 | S8: 4.48 | T8: 140985.44 | U8: 57531.01 | V8: 5808.01 | W8: 52128.8 | X8: 20990.43 | Y8: 1774.94 | Z8: 84.24 | AA8: 2668.01 | AB8: 2020 | AC8: 304982 | AD8: 296985.34 | AE8: 255533.36 | AF8: 27792.57 | AG8: 2520.02 | AH8: 2884.05 | AI8: 2192.27 | AJ8: 827.52 | AK8: 624.31 | AL8: 2195.33 | AM8: 70.05 | AN8: 2345.86 | AO8: 7996.77 | AP8: 2020 | AQ8: 304982 | AR8: 172585.69 | AS8: 127786.23 | AT8: 82737.27 | AU8: 4610.17 | AV8: 224929.01 | AW8: 80053.12 | AX8: 2020 | AY8: 304982 | AZ8: 172585.69 | BA8: 26693 | BB8: 145893.3 | BC8: 78201.86 | BD8: 67691.44 | BE8: 47.836692 | BF8: 2020 | BG8: 177196 | BH8: 78621 | BI8: 31770 | BJ8: 11618 | BK8: 4486 | BL8: 7149 | BM8: 12760 | BN8: 21690 | BO8: 5759 | BP8: 98576 | BQ8: 1159 | BR8: 392 | BS8: 5282 | BT8: 1756 | BU8: 19160 | BV8: 11006 | BW8: 6388 | BX8: 1501 | BY8: 25101 | BZ8: 127786.23 | CA8: 304982 | CB8: 2020 | CC8: 273204 | CD8: 28076.968 | CE8: 45536.774 | CF8: 1390.82 | CG8: 21072.22 | CH8: 89726.018 | CI8: 74789.862 | CJ8: 12611.338 | CK8: 2020 | CL8: 150807 | CM8: 157.1567 | CN8: 1182.66 | CO8: 17158.25 | CP8: 71133.511 | CQ8: 59324.719 | CR8: 1850.704 | CS8: 2020 | CT8: 49680.946 | CU8: 1206.81 | CV8: 48474.136 | CW8: 93701 | CX8: 30127
A9: 2021 | B9: 199292 | C9: 193837 | D9: 44085.42 | E9: 149751.46 | F9: 5454.58 | G9: 962.04 | H9: 4072.5 | I9: 113.44 | J9: 306.6 | K9: 2021 | L9: 193837 | M9: 44085.42 | N9: 174.71 | O9: 245.7 | P9: 33669.4 | Q9: 5132.78 | R9: 4850.31 | S9: 12.52 | T9: 149751.46 | U9: 62799.81 | V9: 4561.77 | W9: 55176.36 | X9: 23154.94 | Y9: 1505.18 | Z9: 79.59 | AA9: 2473.81 | AB9: 2021 | AC9: 318560 | AD9: 309155.31 | AE9: 263545.81 | AF9: 31318.84 | AG9: 3001.28 | AH9: 2931.51 | AI9: 2393.89 | AJ9: 719.4 | AK9: 541.49 | AL9: 2095.46 | AM9: 65.59 | AN9: 2542.04 | AO9: 9404.57 | AP9: 2021 | AQ9: 318560 | AR9: 181534.38 | AS9: 132183.36 | AT9: 87334.31 | AU9: 4842.13 | AV9: 233374.83 | AW9: 85185.07 | AX9: 2021 | AY9: 318560 | AZ9: 181534.38 | BA9: 25757 | BB9: 155777.41 | BC9: 82011.62 | BD9: 73765.79 | BE9: 48.900493 | BF9: 2021 | BG9: 186377 | BH9: 79984 | BI9: 31572 | BJ9: 11460 | BK9: 4814 | BL9: 7255 | BM9: 12101 | BN9: 22231 | BO9: 5799 | BP9: 106392 | BQ9: 1087 | BR9: 335 | BS9: 5590 | BT9: 1551 | BU9: 21483 | BV9: 11811 | BW9: 7227 | BX9: 1371 | BY9: 26731 | BZ9: 132183.36 | CA9: 318560 | CB9: 2021 | CC9: 295512 | CD9: 29479.502 | CE9: 50965.736 | CF9: 1633.04 | CG9: 22484.67 | CH9: 92347.849 | CI9: 86101.199 | CJ9: 12500.004 | CK9: 2021 | CL9: 172193 | CM9: 178.26158 | CN9: 1802 | CO9: 19399.78 | CP9: 77164.894 | CQ9: 71635.144 | CR9: 2012.9203 | CS9: 2021 | CT9: 68336.135 | CU9: 1734.9 | CV9: 66601.235 | CW9: 96682 | CX9: 31167
A10: 2022 | B10: 226117 | C10: 219868 | D10: 38896.71 | E10: 180971.72 | F10: 6249.4 | G10: 329.38 | H10: 5859.26 | I10: 48.9 | J10: 11.86 | K10: 2022 | L10: 219868 | M10: 38896.71 | N10: 198.03 | O10: 206.28 | P10: 30277.01 | Q10: 4006.74 | R10: 4200.73 | S10: 7.92 | T10: 180971.72 | U10: 102882.82 | V10: 5602.1 | W10: 44819.6 | X10: 24953.03 | Y10: 1104.29 | Z10: 74.85 | AA10: 1535.03 | AB10: 2022 | AC10: 322684 | AD10: 312348.57 | AE10: 262758.37 | AF10: 33725.73 | AG10: 3074.89 | AH10: 3042.28 | AI10: 2709.63 | AJ10: 863.64 | AK10: 518.54 | AL10: 2312.26 | AM10: 28.28 | AN10: 3314.95 | AO10: 10335.21 | AP10: 2022 | AQ10: 322684 | AR10: 190110.69 | AS10: 127632.91 | AT10: 89115.16 | AU10: 4940.09 | AV10: 232740.63 | AW10: 89943.12 | AX10: 2022 | AY10: 322684 | AZ10: 190110.69 | BA10: 28206 | BB10: 161904.54 | BC10: 84410.01 | BD10: 77494.52 | BE10: 50.174332 | BF10: 2022 | BG10: 195051 | BH10: 82753 | BI10: 32395 | BJ10: 10010 | BK10: 4729 | BL10: 7769 | BM10: 12557 | BN10: 23188 | BO10: 5666 | BP10: 112298 | BQ10: 1167 | BR10: 324 | BS10: 6520 | BT10: 1847 | BU10: 22835 | BV10: 12472 | BW10: 7491 | BX10: 1735 | BY10: 26841 | BZ10: 127632.91 | CA10: 322684 | CB10: 2022 | CC10: 322211 | CD10: 24742.33 | CE10: 60679.099 | CF10: 1540.13 | CG10: 25772.04 | CH10: 98514.563 | CI10: 96892.653 | CJ10: 14070.185 | CK10: 2022 | CL10: 185230 | CM10: 239.65 | CN10: 1752.78 | CO10: 21996.22 | CP10: 81713.474 | CQ10: 77035.314 | CR10: 2492.5617 | CS10: 2022 | CT10: 84591.447 | CU10: 2700.1773 | CV10: 81891.27 | CW10: 93368 | CX10: 31976
A11: 2023 | B11: 238134 | C11: 230854 | D11: 40700.87 | E11: 190153.14 | F11: 7280.24 | G11: 379.51 | H11: 6694.35 | I11: 40.22 | J11: 166.16 | K11: 2023 | L11: 230854 | M11: 40700.87 | N11: 254.39 | O11: 204.48 | P11: 32468.29 | Q11: 3798.71 | R11: 3968.62 | S11: 6.38 | T11: 190153.14 | U11: 111040.84 | V11: 7816.91 | W11: 46170.68 | X11: 23433.48 | Y11: 1145.8 | Z11: 67.98 | AA11: 477.45 | AB11: 2023 | AC11: 331804 | AD11: 322191.1 | AE11: 269811.97 | AF11: 35740.19 | AG11: 2573.18 | AH11: 3392.9 | AI11: 3173.35 | AJ11: 831.92 | AK11: 568.63 | AL11: 2460.07 | AM11: 34.43 | AN11: 3604.46 | AO11: 9612.86 | AP11: 2023 | AQ11: 331804 | AR11: 198267.46 | AS11: 128431.83 | AT11: 94011.82 | AU11: 5104.71 | AV11: 233738.07 | AW11: 98065.93 | AX11: 2023 | AY11: 331804 | AZ11: 198267.46 | BA11: 30962 | BB11: 167304.57 | BC11: 83572.98 | BD11: 83731.56 | BE11: 50.42271 | BF11: 2023 | BG11: 203372 | BH11: 89447 | BI11: 37152 | BJ11: 10739 | BK11: 4905 | BL11: 8292 | BM11: 12671 | BN11: 25338 | BO11: 5562 | BP11: 113926 | BQ11: 1263 | BR11: 49 | BS11: 7068 | BT11: 1740 | BU11: 22264 | BV11: 13992 | BW11: 7606 | BX11: 1611 | BY11: 26763 | BZ11: 128431.83 | CA11: 331804 | CB11: 2023 | CC11: 340151 | CD11: 25057.769 | CE11: 69396.726 | CF11: 968.44 | CG11: 25722.43 | CH11: 105183.82 | CI11: 98365.544 | CJ11: 15456.274 | CK11: 2023 | CL11: 179113 | CM11: 285.26 | CN11: 1622.91 | CO11: 22125.58 | CP11: 82962.79 | CQ11: 70547.134 | CR11: 1569.3264 | CS11: 2023 | CT11: 85757.825 | CU11: 2294.28 | CV11: 83463.545 | CW11: 86180 | CX11: 30187
A12: 2024 | B12: 252796 | C12: 244068 | D12: 42840.71 | E12: 201227.42 | F12: 8727.45 | G12: 644.64 | H12: 7785.39 | I12: 21.63 | J12: 275.79 | K12: 2024 | L12: 244068 | M12: 42840.71 | N12: 231.9 | O12: 213.18 | P12: 34920.16 | Q12: 4133.26 | R12: 3333.32 | S12: 8.89 | T12: 201227.42 | U12: 118709.71 | V12: 7248.85 | W12: 48326.38 | X12: 25349.21 | Y12: 1130.7 | Z12: 61.6 | AA12: 400.97 | AB12: 2024 | AC12: 357517 | AD12: 348082.09 | AE12: 289469.88 | AF12: 39831.37 | AG12: 3513.45 | AH12: 2817.42 | AI12: 3393.73 | AJ12: 570.22 | AK12: 563.37 | AL12: 2840.61 | AM12: 432.2 | AN12: 4649.84 | AO12: 9434.91 | AP12: 2024 | AQ12: 357517 | AR12: 214058.17 | AS12: 136622.4 | AT12: 103080.9 | AU12: 6836.4 | AV12: 251926.06 | AW12: 105590.92 | AX12: 2024 | AY12: 357517 | AZ12: 214058.17 | BA12: 40200 | BB12: 173857.65 | BC12: 85634.04 | BD12: 88223.67 | BE12: 48.629198 | BF12: 2024 | BG12: 220894.54 | BH12: 101274.65 | BI12: 42290.07 | BJ12: 13455.54 | BK12: 5378.6 | BL12: 8440.21 | BM12: 15429.23 | BN12: 28547.6 | BO12: 5255.48 | BP12: 119620.04 | BQ12: 1382.92 | BR12: 935.47 | BS12: 7011.5 | BT12: 2054.59 | BU12: 23102.63 | BV12: 14325.16 | BW12: 8165.17 | BX12: 1235.45 | BY12: 28884.66 | BZ12: 136622.4 | CA12: 357517 | CB12: 2024 | CC12: 355451 | CD12: 27275.609 | CE12: 74699.275 | CF12: 1016.34 | CG12: 26022.596 | CH12: 109452.95 | CI12: 100826.01 | CJ12: 16158.219 | CK12: 2024 | CL12: 178363 | CM12: 161.36 | CN12: 1384.31 | CO12: 21076.728 | CP12: 85245.681 | CQ12: 68532.91 | CR12: 1962.0114 | CS12: 2024 | CT12: 89174.905 | CU12: 2673.64 | CV12: 86501.265 | CW12: 82474 | CX12: 31278
A13: 2025 | B13: 260695 | C13: 252417 | D13: 42180.97 | E13: 210236.32 | F13: 8278.23 | G13: 240.94 | H13: 7812.6 | I13: 64.33 | J13: 160.36 | K13: 2025 | L13: 252417 | M13: 42180.97 | N13: 204.23 | O13: 198.62 | P13: 34549.46 | Q13: 3857.03 | R13: 3363.62 | S13: 8.01 | T13: 210236.32 | U13: 118649.63 | V13: 8379.13 | W13: 51679.91 | X13: 30126.41 | Y13: 1117.03 | Z13: 55.58 | AA13: 228.63 | AB13: 2025 | AC13: 369293 | AD13: 358759.69 | AE13: 292144.65 | AF13: 47403.06 | AG13: 3218.91 | AH13: 2554.92 | AI13: 3351.22 | AJ13: 577.63 | AK13: 441.54 | AL13: 2749.27 | AM13: 288.83 | AN13: 6029.66 | AO13: 10532.88 | AP13: 2025 | AQ13: 369293 | AR13: 216889.3 | AS13: 145658.02 | AT13: 112878.69 | AU13: 6745.24 | AV13: 259983.64 | AW13: 109308.93 | AX13: 2025 | AY13: 369293 | AZ13: 216889.3 | BA13: 39593 | BB13: 177295.65 | BC13: 86176.96 | BD13: 91118.78 | BE13: 48.00948 | BF13: 2025 | BG13: 223634.56 | BH13: 102014.27 | BI13: 43200.97 | BJ13: 12621.85 | BK13: 4834.41 | BL13: 8135.55 | BM13: 15851.93 | BN13: 30316.78 | BO13: 4941 | BP13: 121620.2 | BQ13: 1405.62 | BR13: 273.71 | BS13: 7209.18 | BT13: 1253.94 | BU13: 23491.12 | BV13: 14629.03 | BW13: 8521.19 | BX13: 774.24 | BY13: 29725.35 | BZ13: 145658.02 | CA13: 369293 | CB13: 2025 | CC13: 369014 | CD13: 27099.894 | CE13: 83072.249 | CF13: 919.14 | CG13: 26729.845 | CH13: 112586.53 | CI13: 100800.37 | CJ13: 17805.981 | CK13: 2025 | CL13: 181314 | CM13: 124.84 | CN13: 844.9 | CO13: 20932.928 | CP13: 86794.299 | CQ13: 71039.995 | CR13: 1577.0375 | CS13: 2025 | CT13: 86811.618 | CU13: 2861.08 | CV13: 83950.538 | CW13: 86580 | CX13: 36912
A15: 2023.1 | B15: 226598 | C15: 220192 | D15: 38517.84 | E15: 181674.42 | F15: 6406.59 | G15: 403.62 | H15: 5879.14 | I15: 47.44 | J15: 76.39 | K15: 2023.1 | L15: 220192 | M15: 38517.84 | N15: 163.27 | O15: 192.4 | P15: 29209.65 | Q15: 4095.77 | R15: 4812.37 | S15: 44.38 | T15: 181674.42 | U15: 103208.96 | V15: 5555.96 | W15: 43814.73 | X15: 26579.26 | Y15: 1053.67 | Z15: 73.66 | AA15: 1388.18 | AB15: 2023.1 | AC15: 322620 | AD15: 312320.05 | AE15: 262597.34 | AF15: 33827.13 | AG15: 3201.57 | AH15: 2650.11 | AI15: 2752.37 | AJ15: 859.63 | AK15: 399.96 | AL15: 2262.56 | AM15: 49.12 | AN15: 3720.26 | AO15: 10299.97 | AP15: 2023.1 | AQ15: 322620 | AR15: 190287.11 | AS15: 127041.04 | AT15: 89391.6 | AU15: 5291.81 | AV15: 232363.76 | AW15: 90256.23 | AX15: 2023.1 | AY15: 322620 | AZ15: 190287.11 | BA15: 28282 | BB15: 162004.75 | BC15: 84504.38 | BD15: 77500.5 | BE15: 50.215346 | BF15: 2023.1 | BZ15: 127041.04 | CA15: 322620 | CB15: 2023.1 | CC15: 330800 | CD15: 25184.073 | CE15: 65161.467 | CF15: 1535.78 | CG15: 26546.73 | CH15: 98919.213 | CI15: 99280.258 | CJ15: 14172.479 | CK15: 2023.1 | CL15: 184473 | CM15: 239.61 | CN15: 1770.48 | CO15: 22136.52 | CP15: 81315.661 | CQ15: 76475.487 | CR15: 2535.2421 | CS15: 2023.1 | CT15: 84818.75 | CU15: 2754.7573 | CV15: 82063.992 | CW15: 92392 | CX15: 31674
A16: 2 | B16: 228854 | C16: 222377 | D16: 41381.2 | E16: 180995.47 | F16: 6476.19 | G16: 400.61 | H16: 5948.6 | I16: 45.77 | J16: 81.21 | K16: 2 | L16: 222377 | M16: 41381.2 | N16: 179.08 | O16: 197.39 | P16: 31166.31 | Q16: 4066.17 | R16: 5733.87 | S16: 38.38 | T16: 180995.47 | U16: 105066.5 | V16: 5649.11 | W16: 43949.31 | X16: 23834.64 | Y16: 1066.97 | Z16: 72.89 | AA16: 1356.05 | AB16: 2 | AC16: 322239 | AD16: 312085.56 | AE16: 262305.38 | AF16: 33679.73 | AG16: 3175.05 | AH16: 2572.58 | AI16: 2858.42 | AJ16: 917.64 | AK16: 451.01 | AL16: 2325.23 | AM16: 70.57 | AN16: 3729.95 | AO16: 10152.98 | AP16: 2 | AQ16: 322239 | AR16: 190272.24 | AS16: 126564.38 | AT16: 89422.79 | AU16: 5401.89 | AV16: 231930.08 | AW16: 90308.4 | AX16: 2 | AY16: 322239 | AZ16: 190272.24 | BA16: 28484 | BB16: 161787.52 | BC16: 84198.9 | BD16: 77588.65 | BE16: 50.207306 | BF16: 2 | BZ16: 126564.38 | CA16: 322239 | CB16: 2 | CC16: 333402 | CD16: 24825.379 | CE16: 65785.279 | CF16: 1484.21 | CG16: 26212.97 | CH16: 99406.261 | CI16: 101716.32 | CJ16: 13971.58 | CK16: 2 | CL16: 183945 | CM16: 248.94 | CN16: 1685.27 | CO16: 22332.56 | CP16: 80713.109 | CQ16: 76442.839 | CR16: 2522.2821 | CS16: 2 | CT16: 85179.925 | CU16: 2757.3473 | CV16: 82422.578 | CW16: 91552 | CX16: 31526
A17: 3 | B17: 229984 | C17: 223156 | D17: 39971.32 | E17: 183185.12 | F17: 6828.62 | G17: 381.46 | H17: 6325.25 | I17: 40.14 | J17: 81.77 | K17: 3 | L17: 223156 | M17: 39971.32 | N17: 163.84 | O17: 198.51 | P17: 30195.35 | Q17: 3982.71 | R17: 5361.99 | S17: 68.92 | T17: 183185.12 | U17: 104637.32 | V17: 5809.36 | W17: 46608.91 | X17: 24068.54 | Y17: 1087.47 | Z17: 72 | AA17: 901.52 | AB17: 3 | AC17: 320533 | AD17: 310732.7 | AE17: 261339.46 | AF17: 33078.59 | AG17: 3082.36 | AH17: 2666.15 | AI17: 2946.06 | AJ17: 959.92 | AK17: 463.85 | AL17: 2325.61 | AM17: 58.04 | AN17: 3812.66 | AO17: 9800.79 | AP17: 3 | AQ17: 320533 | AR17: 190412.88 | AS17: 124669.19 | AT17: 88428.66 | AU17: 5451.43 | AV17: 230059.89 | AW17: 90473.58 | AX17: 3 | AY17: 320533 | AZ17: 190412.88 | BA17: 28580 | BB17: 161832.57 | BC17: 83986.51 | BD17: 77846.03 | BE17: 50.488583 | BF17: 3 | BG17: 195864 | BH17: 83630 | BI17: 32651 | BJ17: 9878 | BK17: 5190 | BL17: 7687 | BM17: 12695 | BN17: 23552 | BO17: 5703 | BP17: 112235 | BQ17: 1164 | BR17: 323 | BS17: 6534 | BT17: 1731 | BU17: 22741 | BV17: 12878 | BW17: 7478 | BX17: 1640 | BY17: 26635 | BZ17: 124669.19 | CA17: 320533 | CB17: 3 | CC17: 338276 | CD17: 25062.981 | CE17: 65455.436 | CF17: 1427.38 | CG17: 26257.4 | CH17: 101717.88 | CI17: 103565.03 | CJ17: 14789.889 | CK17: 3 | CL17: 182748 | CM17: 243.29 | CN17: 1705.53 | CO17: 22353.3 | CP17: 80293.317 | CQ17: 75755.775 | CR17: 2396.7886 | CS17: 3 | CT17: 85147.221 | CU17: 2769.12 | CV17: 82378.101 | CW17: 90426 | CX17: 31187
A18: 4 | B18: 228551 | C18: 221450 | D18: 42084.09 | E18: 179366.11 | F18: 7100.81 | G18: 388.75 | H18: 6579 | I18: 51.82 | J18: 81.24 | K18: 4 | L18: 221450 | M18: 42084.09 | N18: 268.18 | O18: 200.99 | P18: 33005.91 | Q18: 4136.57 | R18: 4414.79 | S18: 57.65 | T18: 179366.11 | U18: 104998.75 | V18: 6055.07 | W18: 45708.66 | X18: 20653.6 | Y18: 1133.64 | Z18: 71.98 | AA18: 744.41 | AB18: 4 | AC18: 322070 | AD18: 312365.85 | AE18: 263035.07 | AF18: 32343.79 | AG18: 3208.86 | AH18: 3138.27 | AI18: 2975.79 | AJ18: 893.71 | AK18: 545.67 | AL18: 2310.58 | AM18: 59.13 | AN18: 3854.98 | AO18: 9704.19 | AP18: 4 | AQ18: 322070 | AR18: 192282.62 | AS18: 124322.03 | AT18: 88343.35 | AU18: 5465.36 | AV18: 230432.82 | AW18: 91637.2 | AX18: 4 | AY18: 322070 | AZ18: 192282.62 | BA18: 29179 | BB18: 163103.86 | BC18: 84267.17 | BD18: 78836.7 | BE18: 50.642363 | BF18: 4 | BZ18: 124322.03 | CA18: 322070 | CB18: 4 | CC18: 339027 | CD18: 24921.162 | CE18: 67011.998 | CF18: 1382.81 | CG18: 26361.56 | CH18: 102597.9 | CI18: 101697.15 | CJ18: 15054.418 | CK18: 4 | CL18: 182456 | CM18: 244.31 | CN18: 1644.65 | CO18: 22419.66 | CP18: 80419.432 | CQ18: 75338.155 | CR18: 2389.7923 | CS18: 4 | CT18: 85856.38 | CU18: 2760.5548 | CV18: 83095.825 | CW18: 89465 | CX18: 30856
A19: 5 | B19: 233862 | C19: 226393 | D19: 41717.99 | E19: 184674.97 | F19: 7469.09 | G19: 379 | H19: 6959.59 | I19: 49.33 | J19: 81.17 | K19: 5 | L19: 226393 | M19: 41717.99 | N19: 193.99 | O19: 192.39 | P19: 31650 | Q19: 4000.79 | R19: 5625.58 | S19: 55.24 | T19: 184674.97 | U19: 107565.44 | V19: 6310.08 | W19: 44770.52 | X19: 24115.37 | Y19: 1177.7 | Z19: 71.47 | AA19: 664.39 | AB19: 5 | AC19: 323669 | AD19: 313649.27 | AE19: 266062.06 | AF19: 31465.99 | AG19: 3207.15 | AH19: 2210.42 | AI19: 3066.47 | AJ19: 947.52 | AK19: 389.8 | AL19: 2306.18 | AM19: 82.06 | AN19: 3911.62 | AO19: 10019.54 | AP19: 5 | AQ19: 323669 | AR19: 194760.81 | AS19: 123299.22 | AT19: 87419.46 | AU19: 5608.75 | AV19: 230572.91 | AW19: 93095.91 | AX19: 5 | AY19: 323669 | AZ19: 194760.81 | BA19: 30558 | BB19: 164202.58 | BC19: 84373.03 | BD19: 79829.52 | BE19: 50.731636 | BF19: 5 | BZ19: 123299.22 | CA19: 323669 | CB19: 5 | CC19: 336889 | CD19: 24836.417 | CE19: 65469.802 | CF19: 1344.72 | CG19: 26213.16 | CH19: 102600.65 | CI19: 100813.63 | CJ19: 15610.619 | CK19: 5 | CL19: 181696 | CM19: 245.4 | CN19: 1740.54 | CO19: 22422.99 | CP19: 80029.041 | CQ19: 74872.403 | CR19: 2385.6258 | CS19: 5 | CT19: 85554.777 | CU19: 2776.0971 | CV19: 82778.68 | CW19: 89059 | CX19: 30838
A20: 6 | B20: 240208 | C20: 232897 | D20: 44310.46 | E20: 188586.9 | F20: 7311.21 | G20: 389.26 | H20: 6795.78 | I20: 45.01 | J20: 81.16 | K20: 6 | L20: 232897 | M20: 44310.46 | N20: 238.28 | O20: 198.41 | P20: 34104.59 | Q20: 3904.32 | R20: 5792.77 | S20: 72.09 | T20: 188586.9 | U20: 107922.37 | V20: 6581.88 | W20: 44771.32 | X20: 27409.96 | Y20: 1206.28 | Z20: 71.04 | AA20: 624.05 | AB20: 6 | AC20: 325287 | AD20: 315451.81 | AE20: 268201.83 | AF20: 31377.24 | AG20: 2952.65 | AH20: 2230.43 | AI20: 3035.49 | AJ20: 947.5 | AK20: 403.54 | AL20: 2266.26 | AM20: 71.68 | AN20: 3965.19 | AO20: 9835.45 | AP20: 6 | AQ20: 325287 | AR20: 196124.34 | AS20: 123784.42 | AT20: 88073.33 | AU20: 5378.53 | AV20: 230467.79 | AW20: 94819.49 | AX20: 6 | AY20: 325287 | AZ20: 196124.34 | BA20: 31168 | BB20: 164955.75 | BC20: 84410.3 | BD20: 80545.47 | BE20: 50.710834 | BF20: 6 | BG20: 201503 | BH20: 87268 | BI20: 34944 | BJ20: 11404 | BK20: 4703 | BL20: 7993 | BM20: 12320 | BN20: 24988 | BO20: 5635 | BP20: 114235 | BQ20: 1255 | BR20: 327 | BS20: 7138 | BT20: 1932 | BU20: 22556 | BV20: 13413 | BW20: 7524 | BX20: 1474 | BY20: 27130 | BZ20: 123784.42 | CA20: 325287 | CB20: 6 | CC20: 338241 | CD20: 25126.742 | CE20: 65978.512 | CF20: 1329.01 | CG20: 26061.87 | CH20: 103550.02 | CI20: 100695.58 | CJ20: 15499.266 | CK20: 6 | CL20: 180977 | CM20: 244.8 | CN20: 1688.99 | CO20: 22354.96 | CP20: 80819.916 | CQ20: 73836.773 | CR20: 2031.5603 | CS20: 6 | CT20: 85226.795 | CU20: 2402.38 | CV20: 82824.415 | CW20: 88662 | CX20: 30661
A21: 7 | B21: 239967 | C21: 232286 | D21: 42411.93 | E21: 189874.13 | F21: 7681.71 | G21: 311.83 | H21: 7253.29 | I21: 35.44 | J21: 81.15 | K21: 7 | L21: 232286 | M21: 42411.93 | N21: 165.18 | O21: 204.29 | P21: 32585.2 | Q21: 3983.62 | R21: 5407.84 | S21: 65.8 | T21: 189874.13 | U21: 110990.04 | V21: 6833.51 | W21: 44798.28 | X21: 25366.3 | Y21: 1221.59 | Z21: 70.73 | AA21: 593.68 | AB21: 7 | AC21: 327638 | AD21: 317860.73 | AE21: 269521.86 | AF21: 31892.22 | AG21: 2935.69 | AH21: 2533.06 | AI21: 3099.31 | AJ21: 939.11 | AK21: 413.99 | AL21: 2355.85 | AM21: 73.59 | AN21: 4096.05 | AO21: 9777.2 | AP21: 7 | AQ21: 327638 | AR21: 197588.27 | AS21: 124702.9 | AT21: 89103.02 | AU21: 5346.76 | AV21: 231948.69 | AW21: 95689.22 | AX21: 7 | AY21: 327638 | AZ21: 197588.27 | BA21: 31471 | BB21: 166116.71 | BC21: 84604.61 | BD21: 81512.17 | BE21: 50.701295 | BF21: 7 | BZ21: 124702.9 | CA21: 327638 | CB21: 7 | CC21: 331292 | CD21: 24375.075 | CE21: 64643.356 | CF21: 1326.81 | CG21: 26019.43 | CH21: 104215.3 | CI21: 94632.067 | CJ21: 16079.965 | CK21: 7 | CL21: 181613 | CM21: 235.28 | CN21: 1659.49 | CO21: 22370.41 | CP21: 81389.034 | CQ21: 73686.508 | CR21: 2272.2779 | CS21: 7 | CT21: 86032.333 | CU21: 2757.28 | CV21: 83275.053 | CW21: 88484 | CX21: 30686
A22: 8 | B22: 244083 | C22: 236304 | D22: 40542.14 | E22: 195762 | F22: 7779.99 | G22: 332.99 | H22: 7340.45 | I22: 25.36 | J22: 81.19 | K22: 8 | L22: 236304 | M22: 40542.14 | N22: 185.54 | O22: 197.93 | P22: 31246.61 | Q22: 4468.12 | R22: 4393.36 | S22: 50.58 | T22: 195762 | U22: 114373.41 | V22: 7046.19 | W22: 44114.21 | X22: 28368.84 | Y22: 1228.31 | Z22: 70.29 | AA22: 560.75 | AB22: 8 | AC22: 328611 | AD22: 318754.51 | AE22: 270032.8 | AF22: 32231.8 | AG22: 3086.03 | AH22: 2383.38 | AI22: 3158.08 | AJ22: 933.66 | AK22: 401.58 | AL22: 2417.61 | AM22: 58.51 | AN22: 4051.06 | AO22: 9856.05 | AP22: 8 | AQ22: 328611 | AR22: 198103.24 | AS22: 125399.58 | AT22: 89745.38 | AU22: 5107.74 | AV22: 232525.84 | AW22: 96084.75 | AX22: 8 | AY22: 328611 | AZ22: 198103.24 | BA22: 31515 | BB22: 166588.25 | BC22: 84481.61 | BD22: 82106.64 | BE22: 50.694666 | BF22: 8 | BZ22: 125399.58 | CA22: 328611 | CB22: 8 | CC22: 333518 | CD22: 25220.843 | CE22: 66101.409 | CF22: 1325.95 | CG22: 26127.41 | CH22: 103972.48 | CI22: 94721.772 | CJ22: 16048.133 | CK22: 8 | CL22: 181169 | CM22: 249.44 | CN22: 1673.23 | CO22: 22250.67 | CP22: 81612.797 | CQ22: 73224.447 | CR22: 2158.4164 | CS22: 8 | CT22: 85848.358 | CU22: 2756.13 | CV22: 83092.228 | CW22: 88344 | CX22: 30811
A23: 9 | B23: 246533 | C23: 238683 | D23: 40567.02 | E23: 198116.01 | F23: 7850.09 | G23: 316.62 | H23: 7412.44 | I23: 39.87 | J23: 81.16 | K23: 9 | L23: 238683 | M23: 40567.02 | N23: 334.28 | O23: 210.26 | P23: 32084.53 | Q23: 4234.3 | R23: 3652.35 | S23: 51.3 | T23: 198116.01 | U23: 112838.05 | V23: 7282.44 | W23: 46135.07 | X23: 30009.24 | Y23: 1240.84 | Z23: 69.79 | AA23: 540.58 | AB23: 9 | AC23: 330208 | AD23: 320496.85 | AE23: 270004.17 | AF23: 33499.49 | AG23: 2862.19 | AH23: 3062.89 | AI23: 3154.22 | AJ23: 925.5 | AK23: 500.92 | AL23: 2445.86 | AM23: 32.57 | AN23: 4009.04 | AO23: 9711.28 | AP23: 9 | AQ23: 330208 | AR23: 198954.47 | AS23: 126195.02 | AT23: 90970.46 | AU23: 5058.72 | AV23: 233414.61 | AW23: 96793.53 | AX23: 9 | AY23: 330208 | AZ23: 198954.47 | BA23: 31766 | BB23: 167188.12 | BC23: 84436.42 | BD23: 82751.64 | BE23: 50.631154 | BF23: 9 | BG23: 204013 | BH23: 89946 | BI23: 36449 | BJ23: 11407 | BK23: 5252 | BL23: 8235 | BM23: 12820 | BN23: 25158 | BO23: 5727 | BP23: 114065 | BQ23: 1263 | BR23: 56 | BS23: 7261 | BT23: 1779 | BU23: 22506 | BV23: 13714 | BW23: 7514 | BX23: 1506 | BY23: 27184 | BZ23: 126195.02 | CA23: 330208 | CB23: 9 | CC23: 336216 | CD23: 25080.596 | CE23: 66750.757 | CF23: 1313.39 | CG23: 26074.55 | CH23: 104826.68 | CI23: 96024.939 | CJ23: 16145.086 | CK23: 9 | CL23: 179723 | CM23: 280.08 | CN23: 1639.99 | CO23: 22118.48 | CP23: 81925.022 | CQ23: 72053.985 | CR23: 1705.4436 | CS23: 9 | CT23: 85094.01 | CU23: 2224.33 | CV23: 82869.68 | CW23: 87528 | CX23: 30526
A24: 10 | B24: 242571 | C24: 235217 | D24: 40144.02 | E24: 195072.48 | F24: 7353.59 | G24: 328.18 | H24: 6872.72 | I24: 70.97 | J24: 81.72 | K24: 10 | L24: 235217 | M24: 40144.02 | N24: 198.15 | O24: 207.33 | P24: 30782.87 | Q24: 3939.3 | R24: 4972.82 | S24: 43.55 | T24: 195072.48 | U24: 111048.91 | V24: 7423.34 | W24: 44851.64 | X24: 29941.28 | Y24: 1219.34 | Z24: 69.22 | AA24: 518.75 | AB24: 10 | AC24: 331194 | AD24: 321489.37 | AE24: 270318.82 | AF24: 34783.48 | AG24: 3123.47 | AH24: 2241.51 | AI24: 3160.18 | AJ24: 937.2 | AK24: 374.32 | AL24: 2452.07 | AM24: 72.34 | AN24: 4025.98 | AO24: 9704.41 | AP24: 10 | AQ24: 331194 | AR24: 198498.6 | AS24: 127588.82 | AT24: 92319.44 | AU24: 5106.38 | AV24: 234323.75 | AW24: 96870.03 | AX24: 10 | AY24: 331194 | AZ24: 198498.6 | BA24: 31023 | BB24: 167476.09 | BC24: 84511.7 | BD24: 82964.38 | BE24: 50.567368 | BF24: 10 | BZ24: 127588.82 | CA24: 331194 | CB24: 10 | CC24: 335975 | CD24: 25972.001 | CE24: 65728.43 | CF24: 1225.89 | CG24: 25765.39 | CH24: 104500.12 | CI24: 96744.123 | CJ24: 16039.046 | CK24: 10 | CL24: 180112 | CM24: 272.94 | CN24: 1609.13 | CO24: 21997.56 | CP24: 82698.11 | CQ24: 71433.62 | CR24: 2100.6401 | CS24: 10 | CT24: 85757.816 | CU24: 2711.48 | CV24: 83046.336 | CW24: 87267 | CX24: 30433
A25: 11 | B25: 241135 | C25: 233961 | D25: 38665.44 | E25: 195295.66 | F25: 7173.75 | G25: 344.94 | H25: 6674.9 | I25: 72.77 | J25: 81.14 | K25: 11 | L25: 233961 | M25: 38665.44 | N25: 163.68 | O25: 193.44 | P25: 30450.95 | Q25: 3854.75 | R25: 3969.15 | S25: 33.47 | T25: 195295.66 | U25: 113662.12 | V25: 7624.4 | W25: 44370.68 | X25: 27886.88 | Y25: 1182.12 | Z25: 68.38 | AA25: 501.08 | AB25: 11 | AC25: 333661 | AD25: 323767.7 | AE25: 272170.13 | AF25: 35053.59 | AG25: 3197.4 | AH25: 2261.31 | AI25: 3199.53 | AJ25: 931.14 | AK25: 382.71 | AL25: 2468.01 | AM25: 60.52 | AN25: 4043.36 | AO25: 9893.65 | AP25: 11 | AQ25: 333661 | AR25: 199970.14 | AS25: 128212.7 | AT25: 93068.07 | AU25: 5478.51 | AV25: 235784.66 | AW25: 97876.69 | AX25: 11 | AY25: 333661 | AZ25: 199970.14 | BA25: 31269 | BB25: 168700.72 | BC25: 84925.17 | BD25: 83775.55 | BE25: 50.560515 | BF25: 11 | BZ25: 128212.7 | CA25: 333661 | CB25: 11 | CC25: 338681 | CD25: 26088.832 | CE25: 68479.123 | CF25: 1069.22 | CG25: 25619.18 | CH25: 104003.17 | CI25: 97641.913 | CJ25: 15779.559 | CK25: 11 | CL25: 180155 | CM25: 293.27 | CN25: 1662.69 | CO25: 22106.71 | CP25: 82989.353 | CQ25: 70993.407 | CR25: 2109.5704 | CS25: 11 | CT25: 86472.188 | CU25: 2782.92 | CV25: 83689.268 | CW25: 86544 | CX25: 30171
A26: 12 | B26: 238134 | C26: 230854 | D26: 40700.87 | E26: 190153.14 | F26: 7280.24 | G26: 379.51 | H26: 6694.35 | I26: 40.22 | J26: 166.16 | K26: 12 | L26: 230854 | M26: 40700.87 | N26: 254.39 | O26: 204.48 | P26: 32468.29 | Q26: 3798.71 | R26: 3968.62 | S26: 6.38 | T26: 190153.14 | U26: 111040.84 | V26: 7816.91 | W26: 46170.68 | X26: 23433.48 | Y26: 1145.8 | Z26: 67.98 | AA26: 477.45 | AB26: 12 | AC26: 331804 | AD26: 322191.1 | AE26: 269811.97 | AF26: 35740.19 | AG26: 2573.18 | AH26: 3392.9 | AI26: 3173.35 | AJ26: 831.92 | AK26: 568.63 | AL26: 2460.07 | AM26: 34.43 | AN26: 3604.46 | AO26: 9612.86 | AP26: 12 | AQ26: 331804 | AR26: 198267.46 | AS26: 128431.83 | AT26: 94014.63 | AU26: 5104.71 | AV26: 233738.07 | AW26: 98065.93 | AX26: 12 | AY26: 331804 | AZ26: 198267.46 | BA26: 30962 | BB26: 167304.57 | BC26: 83572.98 | BD26: 83731.56 | BE26: 50.42271 | BF26: 12 | BG26: 203372 | BH26: 89447 | BI26: 37152 | BJ26: 10739 | BK26: 4905 | BL26: 8292 | BM26: 12671 | BN26: 25338 | BO26: 5562 | BP26: 113926 | BQ26: 1263 | BR26: 49 | BS26: 7068 | BT26: 1740 | BU26: 22264 | BV26: 13992 | BW26: 7606 | BX26: 1611 | BY26: 26763 | BZ26: 128431.83 | CA26: 331804 | CB26: 12 | CC26: 340151 | CD26: 25057.769 | CE26: 69396.726 | CF26: 968.44 | CG26: 25722.43 | CH26: 105183.82 | CI26: 98365.544 | CJ26: 15456.274 | CK26: 12 | CL26: 179113 | CM26: 285.26 | CN26: 1622.91 | CO26: 22125.58 | CP26: 82962.79 | CQ26: 70547.134 | CR26: 1569.3264 | CS26: 12 | CT26: 85757.825 | CU26: 2294.28 | CV26: 83463.545 | CW26: 86180 | CX26: 30187
A28: 2024.1 | B28: 235863 | C28: 228270 | D28: 40984.35 | E28: 187285.95 | F28: 7593.09 | G28: 348.76 | H28: 7013.07 | I28: 29.46 | J28: 201.8 | K28: 2024.1 | L28: 228270 | M28: 40984.35 | N28: 139.51 | O28: 198.82 | P28: 31712.79 | Q28: 4705.25 | R28: 4189.82 | S28: 38.16 | T28: 187285.95 | U28: 110050.27 | V28: 7878.96 | W28: 45515.59 | X28: 22184.06 | Y28: 1125.89 | Z28: 67.63 | AA28: 463.55 | AB28: 2024.1 | AC28: 333520 | AD28: 324058.97 | AE28: 271209.4 | AF28: 36298.38 | AG28: 3081.07 | AH28: 2797.64 | AI28: 3207.49 | AJ28: 807.59 | AK28: 448.33 | AL28: 2452.02 | AM28: 150.17 | AN28: 3606.88 | AO28: 9460.99 | AP28: 2024.1 | AQ28: 333520 | AR28: 198952.99 | AS28: 128782.35 | AT28: 94681.08 | AU28: 5784.63 | AV28: 234360.43 | AW28: 99159.5 | AX28: 2024.1 | AY28: 333520 | AZ28: 198952.99 | BA28: 31110 | BB28: 167843.4 | BC28: 83111.13 | BD28: 84732.33 | BE28: 50.324838 | BF28: 2024.1 | BZ28: 128782.35 | CA28: 333520 | CB28: 2024.1 | CC28: 344601 | CD28: 26193.556 | CE28: 71793.732 | CF28: 902.82 | CG28: 25780.96 | CH28: 105797.42 | CI28: 98428.601 | CJ28: 15703.911 | CK28: 2024.1 | CL28: 178701 | CM28: 276.18 | CN28: 1592.49 | CO28: 21977.25 | CP28: 83016.554 | CQ28: 69942.659 | CR28: 1895.8663 | CS28: 2024.1 | CT28: 86488.772 | CU28: 2641.29 | CV28: 83847.482 | CW28: 85170 | CX28: 29949
A29: 2 | B29: 241074 | C29: 233276 | D29: 44014.52 | E29: 189261.85 | F29: 7797.8 | G29: 402.06 | H29: 7166.36 | I29: 33.62 | J29: 195.76 | K29: 2 | L29: 233276 | M29: 44014.52 | N29: 194.24 | O29: 193.4 | P29: 34139.24 | Q29: 3833.02 | R29: 5613.23 | S29: 41.39 | T29: 189261.85 | U29: 111326.69 | V29: 5915.26 | W29: 47016.34 | X29: 23338.77 | Y29: 1144.9 | Z29: 66.78 | AA29: 453.11 | AB29: 2 | AC29: 333511 | AD29: 323988.18 | AE29: 270930.59 | AF29: 36112.7 | AG29: 3345.45 | AH29: 2290.36 | AI29: 3314.72 | AJ29: 968.02 | AK29: 389.52 | AL29: 2489 | AM29: 404.74 | AN29: 3743.08 | AO29: 9522.47 | AP29: 2 | AQ29: 333511 | AR29: 200116.73 | AS29: 128079.6 | AT29: 94506.04 | AU29: 5314.29 | AV29: 233291.91 | AW29: 100218.74 | AX29: 2 | AY29: 333511 | AZ29: 200116.73 | BA29: 32533 | BB29: 167583.85 | BC29: 83034.75 | BD29: 84549.16 | BE29: 50.248373 | BF29: 2 | BZ29: 128079.6 | CA29: 333511 | CB29: 2 | CC29: 346279 | CD29: 23789.052 | CE29: 74321.181 | CF29: 879.24 | CG29: 25792.3 | CH29: 106556.23 | CI29: 99312.233 | CJ29: 15628.761 | CK29: 2 | CL29: 178032 | CM29: 261.61 | CN29: 1595.79 | CO29: 21866.18 | CP29: 82934.807 | CQ29: 69381.957 | CR29: 1991.6556 | CS29: 2 | CT29: 86734.32 | CU29: 2748.41 | CV29: 83985.91 | CW29: 84321 | CX29: 29742
A30: 3 | B30: 246168 | C30: 237878 | D30: 45318.06 | E30: 192559.92 | F30: 8289.25 | G30: 488.75 | H30: 7569.19 | I30: 34.5 | J30: 196.81 | K30: 3 | L30: 237878 | M30: 45318.06 | N30: 200.82 | O30: 205.86 | P30: 35279.92 | Q30: 3968.84 | R30: 5600.93 | S30: 61.69 | T30: 192559.92 | U30: 114596.12 | V30: 5585.37 | W30: 47051.99 | X30: 23671.3 | Y30: 1142.03 | Z30: 66.43 | AA30: 446.68 | AB30: 3 | AC30: 334994 | AD30: 325551.15 | AE30: 272490.2 | AF30: 35365.45 | AG30: 3282.45 | AH30: 2774.83 | AI30: 3364.26 | AJ30: 1001.68 | AK30: 493.48 | AL30: 2577.94 | AM30: 344.58 | AN30: 3856.28 | AO30: 9443.09 | AP30: 3 | AQ30: 334994 | AR30: 202022.97 | AS30: 127595.97 | AT30: 94484.4 | AU30: 5375.33 | AV30: 233964.56 | AW30: 101029.71 | AX30: 3 | AY30: 334994 | AZ30: 202022.97 | BA30: 33635 | BB30: 168387.74 | BC30: 83506.35 | BD30: 84881.36 | BE30: 50.265897 | BF30: 3 | BG30: 207398.26 | BH30: 92369.94 | BI30: 39354 | BJ30: 11282.77 | BK30: 5258.38 | BL30: 8625.1 | BM30: 12709.84 | BN30: 26182.78 | BO30: 5544.31 | BP30: 115028.52 | BQ30: 1244.65 | BR30: 393.66 | BS30: 7149.75 | BT30: 1970.32 | BU30: 22314.35 | BV30: 13872.83 | BW30: 7572.53 | BX30: 1568.75 | BY30: 27069.5 | BZ30: 127595.97 | CA30: 334994 | CB30: 3 | CC30: 348657 | CD30: 24152.64 | CE30: 74204.745 | CF30: 882.64 | CG30: 25881.99 | CH30: 108252.37 | CI30: 99326.021 | CJ30: 15956.597 | CK30: 3 | CL30: 177535 | CM30: 251.07 | CN30: 1511.86 | CO30: 21722.39 | CP30: 83411.537 | CQ30: 68652.902 | CR30: 1985.2414 | CS30: 3 | CT30: 86952.312 | CU30: 2757.54 | CV30: 84194.772 | CW30: 83705 | CX30: 29578
A31: 4 | B31: 240581 | C31: 232045 | D31: 41497.67 | E31: 190547.46 | F31: 8535.23 | G31: 527.78 | H31: 7767.16 | I31: 44.54 | J31: 195.75 | K31: 4 | L31: 232045 | M31: 41497.67 | N31: 212.69 | O31: 211.76 | P31: 32619 | Q31: 3852.27 | R31: 4546.76 | S31: 55.19 | T31: 190547.46 | U31: 114515.59 | V31: 5778.06 | W31: 46209.7 | X31: 22370.48 | Y31: 1163.35 | Z31: 66.16 | AA31: 444.12 | AB31: 4 | AC31: 337570 | AD31: 328142.47 | AE31: 275598.81 | AF31: 35581.39 | AG31: 3467.82 | AH31: 2148.65 | AI31: 3348.52 | AJ31: 1041.78 | AK31: 393.5 | AL31: 2622.17 | AM31: 58.82 | AN31: 3881.01 | AO31: 9428.02 | AP31: 4 | AQ31: 337570 | AR31: 203445.68 | AS31: 128371.83 | AT31: 94984.58 | AU31: 5752.96 | AV31: 235975.21 | AW31: 101595.26 | AX31: 4 | AY31: 337570 | AZ31: 203445.68 | BA31: 33924 | BB31: 169522.19 | BC31: 84080.22 | BD31: 85442.06 | BE31: 50.218381 | BF31: 4 | BZ31: 128371.83 | CA31: 337570 | CB31: 4 | CC31: 347736 | CD31: 23836.325 | CE31: 72949.452 | CF31: 897.75 | CG31: 25821.44 | CH31: 108839.12 | CI31: 98919.464 | CJ31: 16472.451 | CK31: 4 | CL31: 177613 | CM31: 256.79 | CN31: 1503.16 | CO31: 21660.75 | CP31: 83633.457 | CQ31: 68412.049 | CR31: 2146.794 | CS31: 4 | CT31: 87623.149 | CU31: 2805.7 | CV31: 84817.449 | CW31: 83159 | CX31: 29242
A32: 5 | B32: 246213 | C32: 237500 | D32: 43326.6 | E32: 194173.48 | F32: 8712.47 | G32: 568.05 | H32: 7907.92 | I32: 40.87 | J32: 195.63 | K32: 5 | L32: 237500 | M32: 43326.6 | N32: 102.81 | O32: 191.92 | P32: 33224.95 | Q32: 3804.16 | R32: 5953.12 | S32: 49.64 | T32: 194173.48 | U32: 117508.53 | V32: 5964.3 | W32: 45562.61 | X32: 23439.89 | Y32: 1189.27 | Z32: 66.04 | AA32: 442.84 | AB32: 5 | AC32: 340003 | AD32: 330321.61 | AE32: 276309.38 | AF32: 36002.44 | AG32: 3551.1 | AH32: 2257.84 | AI32: 3392.57 | AJ32: 1026.18 | AK32: 437.61 | AL32: 2688.74 | AM32: 640.5 | AN32: 4015.25 | AO32: 9681.69 | AP32: 5 | AQ32: 340003 | AR32: 204786.09 | AS32: 129199.11 | AT32: 95719.95 | AU32: 6018.15 | AV32: 237861.46 | AW32: 102141.87 | AX32: 5 | AY32: 340003 | AZ32: 204786.09 | BA32: 34525 | BB32: 170260.65 | BC32: 84282.3 | BD32: 85978.3 | BE32: 50.07622 | BF32: 5 | BZ32: 129199.11 | CA32: 340003 | CB32: 5 | CC32: 349423 | CD32: 24328.063 | CE32: 73594.056 | CF32: 914.14 | CG32: 26015.81 | CH32: 109022.51 | CI32: 99012.895 | CJ32: 16535.527 | CK32: 5 | CL32: 177024 | CM32: 249.55 | CN32: 1335.82 | CO32: 21525.01 | CP32: 84005.925 | CQ32: 67862.76 | CR32: 2044.9355 | CS32: 5 | CT32: 87016.968 | CU32: 2800.88 | CV32: 84216.088 | CW32: 83243 | CX32: 29648
A33: 6 | B33: 251222 | C33: 241834 | D33: 43322.45 | E33: 198511.67 | F33: 9386.74 | G33: 678.55 | H33: 8418.65 | I33: 33.92 | J33: 255.62 | K33: 6 | L33: 241834 | M33: 43322.45 | N33: 252.37 | O33: 199.33 | P33: 34291.36 | Q33: 3703.74 | R33: 4806.81 | S33: 68.84 | T33: 198511.67 | U33: 119307.58 | V33: 6064.71 | W33: 46364.44 | X33: 25079.55 | Y33: 1194.54 | Z33: 65.69 | AA33: 435.16 | AB33: 6 | AC33: 345402 | AD33: 335738.9 | AE33: 281104.05 | AF33: 36337.43 | AG33: 3822.37 | AH33: 2900.55 | AI33: 3436.71 | AJ33: 679.73 | AK33: 541.49 | AL33: 2651.4 | AM33: 213.24 | AN33: 4051.93 | AO33: 9663.07 | AP33: 6 | AQ33: 345402 | AR33: 207953.9 | AS33: 131435.94 | AT33: 97648.63 | AU33: 6012.16 | AV33: 242931.67 | AW33: 102470.27 | AX33: 6 | AY33: 345402 | AZ33: 207953.9 | BA33: 36833 | BB33: 171121.16 | BC33: 85073.37 | BD33: 86047.73 | BE33: 49.542608 | BF33: 6 | BG33: 213966 | BH33: 96922 | BI33: 40332.28 | BJ33: 11745 | BK33: 5716 | BL33: 8680 | BM33: 14825 | BN33: 27062 | BO33: 5498 | BP33: 117043 | BQ33: 1294 | BR33: 691 | BS33: 7116 | BT33: 2062 | BU33: 22745 | BV33: 13931 | BW33: 7646 | BX33: 1448 | BY33: 27473 | BZ33: 131435.94 | CA33: 345402 | CB33: 6 | CC33: 348962 | CD33: 24391.74 | CE33: 72103.786 | CF33: 907.29 | CG33: 26147.81 | CH33: 109418.58 | CI33: 99111.835 | CJ33: 16880.962 | CK33: 6 | CL33: 176771 | CM33: 247.69 | CN33: 1345.88 | CO33: 21546.06 | CP33: 84394.661 | CQ33: 67521.177 | CR33: 1715.5323 | CS33: 6 | CT33: 87215.132 | CU33: 2522.01 | CV33: 84693.122 | CW33: 82872 | CX33: 29438
A34: 7 | B34: 247819 | C34: 238453 | D34: 42096.82 | E34: 196356.62 | F34: 9366.41 | G34: 684.14 | H34: 8395.3 | I34: 31.3 | J34: 255.67 | K34: 7 | L34: 238453 | M34: 42096.82 | N34: 120.26 | O34: 191.1 | P34: 34254.14 | Q34: 3755.91 | R34: 3718.48 | S34: 56.93 | T34: 196356.62 | U34: 119506.87 | V34: 6249.01 | W34: 47058 | X34: 21857.31 | Y34: 1191.63 | Z34: 65.17 | AA34: 428.63 | AB34: 7 | AC34: 346972 | AD34: 337369.7 | AE34: 282524.38 | AF34: 37112.48 | AG34: 3755.59 | AH34: 2318.14 | AI34: 3450.15 | AJ34: 636.15 | AK34: 386.85 | AL34: 2679.86 | AM34: 322.87 | AN34: 4183.23 | AO34: 9602.68 | AP34: 7 | AQ34: 346972 | AR34: 208848.99 | AS34: 132314.7 | AT34: 98749.41 | AU34: 5808.7 | AV34: 244235.2 | AW34: 102737.22 | AX34: 7 | AY34: 346972 | AZ34: 208848.99 | BA34: 37255 | BB34: 171593.85 | BC34: 85362.87 | BD34: 86231.01 | BE34: 49.454668 | BF34: 7 | BZ34: 132314.7 | CA34: 346972 | CB34: 7 | CC34: 354177 | CD34: 26783.393 | CE34: 73448.891 | CF34: 914.53 | CG34: 26290.31 | CH34: 109200.81 | CI34: 101026.77 | CJ34: 16512.302 | CK34: 7 | CL34: 176234 | CM34: 244.91 | CN34: 1355.86 | CO34: 21550.85 | CP34: 84625.829 | CQ34: 66441.994 | CR34: 2014.557 | CS34: 7 | CT34: 87400.729 | CU34: 2852.36 | CV34: 84548.369 | CW34: 82199 | CX34: 29384
A35: 8 | B35: 248008 | C35: 238910 | D35: 40893.16 | E35: 198016.83 | F35: 9097.51 | G35: 681.12 | H35: 8119.16 | I35: 41.61 | J35: 255.62 | K35: 8 | L35: 238910 | M35: 40893.16 | N35: 235.65 | O35: 194.72 | P35: 32818.76 | Q35: 3634.25 | R35: 3964.8 | S35: 44.98 | T35: 198016.83 | U35: 121712.97 | V35: 6441.53 | W35: 46521.74 | X35: 21653.88 | Y35: 1197.22 | Z35: 64.59 | AA35: 424.9 | AB35: 8 | AC35: 350440 | AD35: 340759.7 | AE35: 285537.98 | AF35: 38031.35 | AG35: 3549.2 | AH35: 2078.44 | AI35: 3450.16 | AJ35: 571.53 | AK35: 442.79 | AL35: 2749.39 | AM35: 139.25 | AN35: 4209.61 | AO35: 9680.05 | AP35: 8 | AQ35: 350440 | AR35: 211000.64 | AS35: 133805.31 | AT35: 100038.04 | AU35: 5633.77 | AV35: 246024.72 | AW35: 104414.99 | AX35: 8 | AY35: 350440 | AZ35: 211000.64 | BA35: 37519 | BB35: 173481.94 | BC35: 85848.53 | BD35: 87633.45 | BE35: 49.504035 | BF35: 8 | BZ35: 133805.31 | CA35: 350440 | CB35: 8 | CC35: 354905 | CD35: 26975.268 | CE35: 74316.753 | CF35: 921.46 | CG35: 26329.18 | CH35: 108978.97 | CI35: 100802.42 | CJ35: 16580.955 | CK35: 8 | CL35: 175959 | CM35: 225.9 | CN35: 1338.79 | CO35: 21640.54 | CP35: 84532.121 | CQ35: 66113.474 | CR35: 2108.1749 | CS35: 8 | CT35: 87509.078 | CU35: 2918.5 | CV35: 84590.578 | CW35: 81857 | CX35: 29264
A36: 9 | B36: 248075 | C36: 238764 | D36: 40300.77 | E36: 198463.44 | F36: 9311.21 | G36: 713.04 | H36: 8283.39 | I36: 39.17 | J36: 275.61 | K36: 9 | L36: 238764 | M36: 40300.77 | N36: 116.53 | O36: 184.29 | P36: 32743.54 | Q36: 3757.9 | R36: 3447.96 | S36: 50.55 | T36: 198463.44 | U36: 121689.81 | V36: 6719.39 | W36: 46432.4 | X36: 21936.49 | Y36: 1198.96 | Z36: 64.52 | AA36: 421.87 | AB36: 9 | AC36: 351426 | AD36: 341958.91 | AE36: 286190 | AF36: 38629.56 | AG36: 3452.98 | AH36: 2196.12 | AI36: 3448.35 | AJ36: 579.63 | AK36: 391.07 | AL36: 2787.16 | AM36: 58.74 | AN36: 4225.3 | AO36: 9466.98 | AP36: 9 | AQ36: 351426 | AR36: 211333.49 | AS36: 134515.19 | AT36: 100795.36 | AU36: 5577.15 | AV36: 246985.6 | AW36: 104440.25 | AX36: 9 | AY36: 351426 | AZ36: 211333.49 | BA36: 37773 | BB36: 173560.21 | BC36: 85917.42 | BD36: 87642.99 | BE36: 49.387413 | BF36: 9 | BG36: 216910.52 | BH36: 99351.25 | BI36: 41411.03 | BJ36: 12453.07 | BK36: 5434.92 | BL36: 8701.79 | BM36: 15638.14 | BN36: 27404.32 | BO36: 5872.53 | BP36: 117559.3 | BQ36: 1341.6 | BR36: 40.47 | BS36: 7369.89 | BT36: 2055.77 | BU36: 23114.77 | BV36: 14198.47 | BW36: 7827.95 | BX36: 1106.48 | BY36: 28013.99 | BZ36: 134515.19 | CA36: 351426 | CB36: 9 | CC36: 352451 | CD36: 27230.246 | CE36: 71677.271 | CF36: 940.01 | CG36: 26335.397 | CH36: 109190.81 | CI36: 100674.86 | CJ36: 16402.403 | CK36: 9 | CL36: 175800 | CM36: 185.7 | CN36: 1444.46 | CO36: 21460.154 | CP36: 84599.639 | CQ36: 66253.294 | CR36: 1856.7536 | CS36: 9 | CT36: 87704.699 | CU36: 2578.57 | CV36: 85126.129 | CW36: 81542 | CX36: 29770
A37: 10 | B37: 248217 | C37: 238997 | D37: 39781.43 | E37: 199216.03 | F37: 9219.91 | G37: 707.25 | H37: 8199.33 | I37: 37.64 | J37: 275.69 | K37: 10 | L37: 238997 | M37: 39781.43 | N37: 117.17 | O37: 203.32 | P37: 32369.26 | Q37: 3618.15 | R37: 3427.61 | S37: 45.92 | T37: 199216.03 | U37: 121673.56 | V37: 6929.15 | W37: 46385.05 | X37: 22550.95 | Y37: 1196.08 | Z37: 62.7 | AA37: 418.54 | AB37: 10 | AC37: 354472 | AD37: 344756.61 | AE37: 288234.3 | AF37: 39121.66 | AG37: 3617.06 | AH37: 2247.72 | AI37: 3446.82 | AJ37: 565.9 | AK37: 405.72 | AL37: 2815.12 | AM37: 44.92 | AN37: 4257.39 | AO37: 9714.89 | AP37: 10 | AQ37: 354472 | AR37: 212875.12 | AS37: 135277.48 | AT37: 101467.41 | AU37: 6318.88 | AV37: 249317.58 | AW37: 105153.88 | AX37: 10 | AY37: 354472 | AZ37: 212875.12 | BA37: 38589 | BB37: 174285.76 | BC37: 86326.78 | BD37: 87958.97 | BE37: 49.167709 | BF37: 10 | BZ37: 135277.48 | CA37: 354472 | CB37: 10 | CC37: 353811 | CD37: 26981.684 | CE37: 73295.339 | CF37: 968.78 | CG37: 26322.934 | CH37: 109516.49 | CI37: 100331.41 | CJ37: 16394.362 | CK37: 10 | CL37: 176924 | CM37: 185.17 | CN37: 1457.62 | CO37: 21210.168 | CP37: 84394.981 | CQ37: 67489.171 | CR37: 2186.89 | CS37: 10 | CT37: 88603.408 | CU37: 2848.71 | CV37: 85754.698 | CW37: 81802 | CX37: 30155
A38: 11 | B38: 247460 | C38: 238359 | D38: 39620.19 | E38: 198738.82 | F38: 9101.46 | G38: 679.43 | H38: 8104.4 | I38: 42.05 | J38: 275.58 | K38: 11 | L38: 238359 | M38: 39620.19 | N38: 203.83 | O38: 215.09 | P38: 32205.8 | Q38: 3643.51 | R38: 3317.82 | S38: 34.14 | T38: 198738.82 | U38: 121188.25 | V38: 7091.9 | W38: 46439.42 | X38: 22368.02 | Y38: 1175.84 | Z38: 62.05 | AA38: 413.34 | AB38: 11 | AC38: 357617 | AD38: 347913.96 | AE38: 290426.45 | AF38: 39532.94 | AG38: 3643.35 | AH38: 2254.67 | AI38: 3430.92 | AJ38: 587.92 | AK38: 508.57 | AL38: 2771.65 | AM38: 456.52 | AN38: 4300.97 | AO38: 9702.71 | AP38: 11 | AQ38: 357617 | AR38: 214782.77 | AS38: 136370.82 | AT38: 102600.76 | AU38: 6463.06 | AV38: 252289.96 | AW38: 105326.66 | AX38: 11 | AY38: 357617 | AZ38: 214782.77 | BA38: 39953 | BB38: 174829.95 | BC38: 86685.39 | BD38: 88144.54 | BE38: 48.887483 | BF38: 11 | BZ38: 136370.82 | CA38: 357617 | CB38: 11 | CC38: 355355 | CD38: 27738.619 | CE38: 74984.243 | CF38: 993.25 | CG38: 26209.501 | CH38: 109201.78 | CI38: 99871.725 | CJ38: 16355.883 | CK38: 11 | CL38: 177637 | CM38: 162.33 | CN38: 1461.91 | CO38: 20983.96 | CP38: 84569.362 | CQ38: 68287.381 | CR38: 2172.0576 | CS38: 11 | CT38: 88836.993 | CU38: 2921.44 | CV38: 85915.553 | CW38: 82198 | CX38: 30800
A39: 12 | B39: 252796 | C39: 244068 | D39: 42840.71 | E39: 201227.42 | F39: 8727.45 | G39: 644.64 | H39: 7785.39 | I39: 21.63 | J39: 275.79 | K39: 12 | L39: 244068 | M39: 42840.71 | N39: 231.9 | O39: 213.18 | P39: 34920.16 | Q39: 4133.26 | R39: 3333.32 | S39: 8.89 | T39: 201227.42 | U39: 118709.71 | V39: 7248.85 | W39: 48326.38 | X39: 25349.21 | Y39: 1130.7 | Z39: 61.6 | AA39: 400.97 | AB39: 12 | AC39: 357517 | AD39: 348082.09 | AE39: 289469.88 | AF39: 39831.37 | AG39: 3513.45 | AH39: 2817.42 | AI39: 3393.73 | AJ39: 570.22 | AK39: 563.37 | AL39: 2840.61 | AM39: 432.2 | AN39: 4649.84 | AO39: 9434.91 | AP39: 12 | AQ39: 357517 | AR39: 214058.17 | AS39: 136622.4 | AT39: 103080.9 | AU39: 6836.4 | AV39: 251926.06 | AW39: 105590.92 | AX39: 12 | AY39: 357517 | AZ39: 214058.17 | BA39: 40200 | BB39: 173857.65 | BC39: 85634.04 | BD39: 88223.67 | BE39: 48.629198 | BF39: 12 | BG39: 220894.54 | BH39: 101274.65 | BI39: 42290.07 | BJ39: 13455.54 | BK39: 5378.6 | BL39: 8440.21 | BM39: 15429.23 | BN39: 28547.6 | BO39: 5255.48 | BP39: 119620.04 | BQ39: 1382.92 | BR39: 935.47 | BS39: 7011.5 | BT39: 2054.59 | BU39: 23102.63 | BV39: 14325.16 | BW39: 8165.17 | BX39: 1235.45 | BY39: 28884.66 | BZ39: 136622.4 | CA39: 357517 | CB39: 12 | CC39: 355451 | CD39: 27275.609 | CE39: 74699.275 | CF39: 1016.34 | CG39: 26022.596 | CH39: 109452.95 | CI39: 100826.01 | CJ39: 16158.219 | CK39: 12 | CL39: 178363 | CM39: 161.36 | CN39: 1384.31 | CO39: 21076.728 | CP39: 85245.681 | CQ39: 68532.91 | CR39: 1962.0114 | CS39: 12 | CT39: 89174.905 | CU39: 2673.64 | CV39: 86501.265 | CW39: 82474 | CX39: 31278
A41: 2025.1 | B41: 249955 | C41: 241043 | D41: 42417.29 | E41: 198626.14 | F41: 8911.96 | G41: 585.72 | H41: 8019.28 | I41: 31.73 | J41: 275.23 | K41: 2025.1 | L41: 241043 | M41: 42417.29 | N41: 114.49 | O41: 215.93 | P41: 33977.51 | Q41: 4154.17 | R41: 3926.36 | S41: 28.83 | T41: 198626.14 | U41: 118272.97 | V41: 7090.72 | W41: 48725.12 | X41: 22970.18 | Y41: 1112.11 | Z41: 61.21 | AA41: 393.83 | AB41: 2025.1 | AC41: 357931 | AD41: 348448.82 | AE41: 288878.22 | AF41: 40295.55 | AG41: 3563.75 | AH41: 2611.7 | AI41: 3360.02 | AJ41: 621.29 | AK41: 423.34 | AL41: 2930.13 | AM41: 1179.91 | AN41: 4584.91 | AO41: 9482.54 | AP41: 2025.1 | AQ41: 357931 | AR41: 213410.99 | AS41: 136949.98 | AT41: 103880.05 | AU41: 7570.34 | AV41: 252189.62 | AW41: 105741.68 | AX41: 2025.1 | AY41: 357931 | AZ41: 213410.99 | BA41: 39519 | BB41: 173891.93 | BC41: 85569.74 | BD41: 88322.2 | BE41: 48.582528 | BF41: 2025.1 | BZ41: 136949.98 | CA41: 357931 | CB41: 2025.1 | CC41: 361107 | CD41: 29169.21 | CE41: 77300.303 | CF41: 1010.39 | CG41: 26073.344 | CH41: 109752.89 | CI41: 101346.02 | CJ41: 16454.839 | CK41: 2025.1 | CL41: 178248 | CM41: 155.81 | CN41: 1169.53 | CO41: 21149.793 | CP41: 85555.736 | CQ41: 68020.418 | CR41: 2196.7132 | CS41: 2025.1 | CT41: 89271.285 | CU41: 2859.43 | CV41: 86411.855 | CW41: 82314 | CX41: 31649
A42: 2 | B42: 255611 | C42: 246401 | D42: 43541.3 | E42: 202859.81 | F42: 9210.11 | G42: 525.51 | H42: 8387.39 | I42: 31.97 | J42: 265.24 | K42: 2 | L42: 246401 | M42: 43541.3 | N42: 113.62 | O42: 238.18 | P42: 35026.07 | Q42: 3958.46 | R42: 4169.34 | S42: 35.63 | T42: 202859.81 | U42: 120969 | V42: 7168.11 | W42: 48943.02 | X42: 24226.46 | Y42: 1103.76 | Z42: 60.87 | AA42: 388.59 | AB42: 2 | AC42: 359215 | AD42: 349667.16 | AE42: 288909.34 | AF42: 40944.13 | AG42: 3441.21 | AH42: 2855.75 | AI42: 3367.49 | AJ42: 612.01 | AK42: 436.25 | AL42: 2917.31 | AM42: 1448.21 | AN42: 4735.46 | AO42: 9548.24 | AP42: 2 | AQ42: 359215 | AR42: 213823.94 | AS42: 137495.77 | AT42: 104474.97 | AU42: 7895.75 | AV42: 253051.1 | AW42: 106164.32 | AX42: 2 | AY42: 359215 | AZ42: 213823.94 | BA42: 41013 | BB42: 172810.88 | BC42: 84941.65 | BD42: 87869.22 | BE42: 48.107924 | BF42: 2 | BZ42: 137495.77 | CA42: 359215 | CB42: 2 | CC42: 363301 | CD42: 29058.877 | CE42: 78756.717 | CF42: 999.85 | CG42: 26141.852 | CH42: 110067.34 | CI42: 101734.09 | CJ42: 16542.273 | CK42: 2 | CL42: 178332 | CM42: 151.04 | CN42: 1175.73 | CO42: 21187.486 | CP42: 85724.16 | CQ42: 67877.445 | CR42: 2216.1391 | CS42: 2 | CT42: 89353.796 | CU42: 2862.1 | CV42: 86491.696 | CW42: 82182 | CX42: 31758
A43: 3 | B43: 257710 | C43: 248544 | D43: 43390.2 | E43: 205153.62 | F43: 9166 | G43: 477.36 | H43: 8399.56 | I43: 24.01 | J43: 265.07 | K43: 3 | L43: 248544 | M43: 43390.2 | N43: 148.17 | O43: 227.82 | P43: 35980.46 | Q43: 3855.12 | R43: 3131.98 | S43: 46.65 | T43: 205153.62 | U43: 121295.26 | V43: 7293.79 | W43: 49170.74 | X43: 25843.95 | Y43: 1110.12 | Z43: 60.35 | AA43: 379.41 | AB43: 3 | AC43: 360165 | AD43: 350602.25 | AE43: 289078.11 | AF43: 41447.7 | AG43: 3152.55 | AH43: 2720.65 | AI43: 3419.6 | AJ43: 667.96 | AK43: 469.45 | AL43: 2934.07 | AM43: 1446.98 | AN43: 5265.18 | AO43: 9563.09 | AP43: 3 | AQ43: 360165 | AR43: 214130.26 | AS43: 137955.52 | AT43: 105143.43 | AU43: 8079.5 | AV43: 253956.84 | AW43: 106208.47 | AX43: 3 | AY43: 360165 | AZ43: 214130.26 | BA43: 41047 | BB43: 173082.58 | BC43: 85375.69 | BD43: 87706.99 | BE43: 48.056469 | BF43: 3 | BG43: 222209.62 | BH43: 100758.67 | BI43: 41871.51 | BJ43: 13772.18 | BK43: 5918.74 | BL43: 8446.92 | BM43: 15391.95 | BN43: 28298.79 | BO43: 4746.29 | BP43: 121451.12 | BQ43: 1382.9 | BR43: 1923.6 | BS43: 7304.76 | BT43: 1943.87 | BU43: 23155.87 | BV43: 14277.55 | BW43: 8244.47 | BX43: 839.21 | BY43: 29028.95 | BZ43: 137955.52 | CA43: 360165 | CB43: 3 | CC43: 365896 | CD43: 30810.082 | CE43: 78209.318 | CF43: 986.38 | CG43: 26397.5 | CH43: 110779.18 | CI43: 101730.5 | CJ43: 16983.036 | CK43: 3 | CL43: 178614 | CM43: 146.81 | CN43: 1119.97 | CO43: 21321.965 | CP43: 85831.076 | CQ43: 68070.777 | CR43: 2123.4024 | CS43: 3 | CT43: 89548.078 | CU43: 2870.6 | CV43: 86677.478 | CW43: 82132 | CX43: 32036
A44: 4 | B44: 255031 | C44: 245877 | D44: 44246.19 | E44: 201630.97 | F44: 9154.42 | G44: 437.7 | H44: 8426.25 | I44: 25.41 | J44: 265.06 | K44: 4 | L44: 245877 | M44: 44246.19 | N44: 107 | O44: 224.32 | P44: 36425.96 | Q44: 3948.63 | R44: 3490.26 | S44: 50.02 | T44: 201630.97 | U44: 119003.54 | V44: 7500.01 | W44: 48681.92 | X44: 24915.75 | Y44: 1103.04 | Z44: 59.83 | AA44: 366.88 | AB44: 4 | AC44: 360816 | AD44: 350813.62 | AE44: 289897.51 | AF44: 42155.43 | AG44: 3297.65 | AH44: 2312.51 | AI44: 3417.2 | AJ44: 657.77 | AK44: 395.26 | AL44: 2952.66 | AM44: 169.28 | AN44: 5558.35 | AO44: 10002.28 | AP44: 4 | AQ44: 360816 | AR44: 214774.5 | AS44: 139031.58 | AT44: 106065.5 | AU44: 7009.81 | AV44: 253654.02 | AW44: 107161.86 | AX44: 4 | AY44: 360816 | AZ44: 214774.5 | BA44: 40731 | BB44: 174044.34 | BC44: 85584.55 | BD44: 88459.82 | BE44: 48.236314 | BF44: 4 | BZ44: 139031.58 | CA44: 360816 | CB44: 4 | CC44: 367002 | CD44: 30704.372 | CE44: 78473.787 | CF44: 969.96 | CG44: 26453.363 | CH44: 111360.11 | CI44: 101885.18 | CJ44: 17155.226 | CK44: 4 | CL44: 179098 | CM44: 136.43 | CN44: 1145.92 | CO44: 21499.535 | CP44: 85698.697 | CQ44: 68516.599 | CR44: 2100.8191 | CS44: 4 | CT44: 90026.661 | CU44: 2861.23 | CV44: 87165.431 | CW44: 82076 | CX44: 31541
A45: 5 | B45: 255107 | C45: 245951 | D45: 44320.64 | E45: 201630.32 | F45: 9155.4 | G45: 409.2 | H45: 8449.51 | I45: 31.63 | J45: 265.06 | K45: 5 | L45: 245951 | M45: 44320.64 | N45: 180.28 | O45: 202.46 | P45: 36422.11 | Q45: 4170.4 | R45: 3301.52 | S45: 43.87 | T45: 201630.32 | U45: 119253.36 | V45: 7429.16 | W45: 48233.11 | X45: 25164.9 | Y45: 1129.17 | Z45: 59.37 | AA45: 361.25 | AB45: 5 | AC45: 361116 | AD45: 350920.2 | AE45: 289612.03 | AF45: 42692.75 | AG45: 3271.99 | AH45: 2075.51 | AI45: 3378.13 | AJ45: 628.36 | AK45: 455 | AL45: 2963.21 | AM45: 208.76 | AN45: 5634.46 | AO45: 10195.6 | AP45: 5 | AQ45: 361116 | AR45: 214466.82 | AS45: 139574.67 | AT45: 106535.6 | AU45: 7074.28 | AV45: 253921.59 | AW45: 107194.17 | AX45: 5 | AY45: 361116 | AZ45: 214466.82 | BA45: 40064 | BB45: 174402.77 | BC45: 85754.94 | BD45: 88647.8 | BE45: 48.295498 | BF45: 5 | BZ45: 139574.67 | CA45: 361116 | CB45: 5 | CC45: 366619 | CD45: 28862.109 | CE45: 78800.411 | CF45: 950.12 | CG45: 26585.833 | CH45: 112370.71 | CI45: 101770.55 | CJ45: 17279.271 | CK45: 5 | CL45: 179178 | CM45: 135.55 | CN45: 1130.86 | CO45: 21263.686 | CP45: 86099.065 | CQ45: 68487.573 | CR45: 2061.2665 | CS45: 5 | CT45: 89427.412 | CU45: 2982.73 | CV45: 86444.682 | CW45: 82775 | CX45: 33130
A46: 6 | B46: 256955 | C46: 248196 | D46: 44899.57 | E46: 203295.99 | F46: 8759.28 | G46: 378.03 | H46: 8086.82 | I46: 29.36 | J46: 265.07 | K46: 6 | L46: 248196 | M46: 44899.57 | N46: 135.62 | O46: 204.92 | P46: 37750.8 | Q46: 3911.85 | R46: 2840.4 | S46: 55.98 | T46: 203295.99 | U46: 118342.44 | V46: 7594.71 | W46: 48304.83 | X46: 27504.7 | Y46: 1139.82 | Z46: 58.98 | AA46: 350.51 | AB46: 6 | AC46: 362911 | AD46: 352296.49 | AE46: 290697.69 | AF46: 43377.79 | AG46: 3262.33 | AH46: 2079.88 | AI46: 3428.96 | AJ46: 600.75 | AK46: 373.74 | AL46: 2883.12 | AM46: 64.77 | AN46: 5527.46 | AO46: 10614.36 | AP46: 6 | AQ46: 362911 | AR46: 214683.13 | AS46: 141500.89 | AT46: 108263.19 | AU46: 6726.85 | AV46: 255337.25 | AW46: 107573.6 | AX46: 6 | AY46: 362911 | AZ46: 214683.13 | BA46: 39955 | BB46: 174727.59 | BC46: 85866 | BD46: 88861.51 | BE46: 48.146127 | BF46: 6 | BG46: 221410.08 | BH46: 100311.34 | BI46: 42372 | BJ46: 13688.55 | BK46: 5085.3 | BL46: 8057.39 | BM46: 15371.9 | BN46: 28737.79 | BO46: 4889.3 | BP46: 121098.89 | BQ46: 1370.63 | BR46: 493.8 | BS46: 7442.87 | BT46: 1714.85 | BU46: 23556.31 | BV46: 14430.75 | BW46: 7993.19 | BX46: 684.55 | BY46: 29469.03 | BZ46: 141500.89 | CA46: 362911 | CB46: 6 | CC46: 366480 | CD46: 28332.193 | CE46: 78688.442 | CF46: 828.99 | CG46: 27004.074 | CH46: 112754.03 | CI46: 101296.44 | CJ46: 17575.833 | CK46: 6 | CL46: 178270 | CM46: 133.36 | CN46: 743.08 | CO46: 20826.276 | CP46: 86144.646 | CQ46: 68519.384 | CR46: 1903.2538 | CS46: 6 | CT46: 88313.426 | CU46: 3054.24 | CV46: 85259.186 | CW46: 83013 | CX46: 32867
A47: 7 | B47: 254505 | C47: 245874 | D47: 43193.76 | E47: 202680.24 | F47: 8631.8 | G47: 344.13 | H47: 7990.9 | I47: 31.48 | J47: 265.29 | K47: 7 | L47: 245874 | M47: 43193.76 | N47: 108.38 | O47: 208.49 | P47: 35624.57 | Q47: 4174.51 | R47: 3029.88 | S47: 47.93 | T47: 202680.24 | U47: 118181.88 | V47: 7705.19 | W47: 48902.93 | X47: 26341.81 | Y47: 1151.61 | Z47: 58.38 | AA47: 338.44 | AB47: 7 | AC47: 363854 | AD47: 353080.97 | AE47: 291042.54 | AF47: 44004.67 | AG47: 3132.94 | AH47: 1952.33 | AI47: 3364.06 | AJ47: 593.92 | AK47: 359.88 | AL47: 2876.2 | AM47: 55.93 | AN47: 5698.5 | AO47: 10772.45 | AP47: 7 | AQ47: 363854 | AR47: 214653.33 | AS47: 142179.27 | AT47: 109040.82 | AU47: 7020.87 | AV47: 255828.8 | AW47: 108024.64 | AX47: 7 | AY47: 363854 | AZ47: 214653.33 | BA47: 39819 | BB47: 174834.33 | BC47: 85778.21 | BD47: 89056.11 | BE47: 48.050682 | BF47: 7 | BZ47: 142179.27 | CA47: 363854 | CB47: 7 | CC47: 369875 | CD47: 29241.467 | CE47: 80979.404 | CF47: 843.05 | CG47: 26731.974 | CH47: 112578.81 | CI47: 101423.1 | CJ47: 18077.199 | CK47: 7 | CL47: 178468 | CM47: 126.51 | CN47: 738.26 | CO47: 20583.9 | CP47: 86072.323 | CQ47: 68993.545 | CR47: 1953.4615 | CS47: 7 | CT47: 88166.698 | CU47: 3043.74 | CV47: 85122.958 | CW47: 83063 | CX47: 33073
A48: 8 | B48: 255985 | C48: 247297 | D48: 42232.89 | E48: 205064.35 | F48: 8688.63 | G48: 303.31 | H48: 8084.12 | I48: 36.15 | J48: 265.05 | K48: 8 | L48: 247297 | M48: 42232.89 | N48: 207.51 | O48: 211.97 | P48: 35029.13 | Q48: 3771.86 | R48: 2970.77 | S48: 41.65 | T48: 205064.35 | U48: 119662.25 | V48: 7861.58 | W48: 49085.23 | X48: 26914.86 | Y48: 1159.56 | Z48: 57.93 | AA48: 322.94 | AB48: 8 | AC48: 364857 | AD48: 353629.29 | AE48: 290875.05 | AF48: 44545.36 | AG48: 3169.17 | AH48: 1978.8 | AI48: 3341.46 | AJ48: 567.39 | AK48: 364.59 | AL48: 2884.25 | AM48: 25.9 | AN48: 5877.32 | AO48: 11227.48 | AP48: 8 | AQ48: 364857 | AR48: 215208.06 | AS48: 142931.62 | AT48: 109730.41 | AU48: 6717.07 | AV48: 256412.11 | AW48: 108444.63 | AX48: 8 | AY48: 364857 | AZ48: 215208.06 | BA48: 39943 | BB48: 175265.46 | BC48: 85793.29 | BD48: 89472.21 | BE48: 48.036754 | BF48: 8 | BZ48: 142931.62 | CA48: 364857 | CB48: 8 | CC48: 370450 | CD48: 29482.381 | CE48: 81300.454 | CF48: 884.06 | CG48: 26739.962 | CH48: 112577.26 | CI48: 101524.1 | CJ48: 17941.78 | CK48: 8 | CL48: 178708 | CM48: 125.59 | CN48: 788.29 | CO48: 20881.882 | CP48: 86044.853 | CQ48: 68826.433 | CR48: 2040.9514 | CS48: 8 | CT48: 87809.75 | CU48: 3134.54 | CV48: 84675.21 | CW48: 83498 | CX48: 33602
A49: 9 | B49: 257121 | C49: 248849 | D49: 43283.74 | E49: 205565.16 | F49: 8272.39 | G49: 277.53 | H49: 7711.42 | I49: 37.97 | J49: 245.47 | K49: 9 | L49: 248849 | M49: 43283.74 | N49: 156.03 | O49: 217.74 | P49: 35731.1 | Q49: 3723.33 | R49: 3411.22 | S49: 44.32 | T49: 205565.16 | U49: 118711.19 | V49: 8114.42 | W49: 50408.69 | X49: 26800.8 | Y49: 1158.69 | Z49: 57.23 | AA49: 314.14 | AB49: 9 | AC49: 367009 | AD49: 356037.99 | AE49: 292992.28 | AF49: 45146.5 | AG49: 3096.32 | AH49: 1978.04 | AI49: 3340.87 | AJ49: 576.77 | AK49: 309.61 | AL49: 2643.48 | AM49: 45.57 | AN49: 5908.55 | AO49: 10970.83 | AP49: 9 | AQ49: 367009 | AR49: 216571.14 | AS49: 143412.97 | AT49: 110544.1 | AU49: 7024.65 | AV49: 257761.01 | AW49: 109247.76 | AX49: 9 | AY49: 367009 | AZ49: 216571.14 | BA49: 40209 | BB49: 176361.56 | BC49: 86025.87 | BD49: 90335.7 | BE49: 48.053743 | BF49: 9 | BG49: 223595.82 | BH49: 101618.29 | BI49: 43343.57 | BJ49: 13715.08 | BK49: 4730.42 | BL49: 8100.14 | BM49: 16149.91 | BN49: 29126.28 | BO49: 4994.88 | BP49: 121977.42 | BQ49: 1377.57 | BR49: 798.89 | BS49: 7421.18 | BT49: 1448.45 | BU49: 23549.35 | BV49: 14545.66 | BW49: 8305.08 | BX49: 652.16 | BY49: 29682.09 | BZ49: 143412.97 | CA49: 367009 | CB49: 9 | CC49: 370782 | CD49: 28985.127 | CE49: 80567.457 | CF49: 945.84 | CG49: 26800.825 | CH49: 112930.05 | CI49: 102287.47 | CJ49: 18265.238 | CK49: 9 | CL49: 179200 | CM49: 135.34 | CN49: 835.21 | CO49: 20888.462 | CP49: 86037.037 | CQ49: 69445.628 | CR49: 1858.323 | CS49: 9 | CT49: 88007.082 | CU49: 2899.54 | CV49: 85107.542 | CW49: 83623 | CX49: 34006
A50: 10 | B50: 254285 | C50: 246032 | D50: 41355.61 | E50: 204676.17 | F50: 8253.83 | G50: 260.06 | H50: 7723.34 | I50: 25.26 | J50: 245.17 | K50: 10 | L50: 246032 | M50: 41355.61 | N50: 55.33 | O50: 214.58 | P50: 34284.92 | Q50: 4125.05 | R50: 2624.53 | S50: 51.2 | T50: 204676.17 | U50: 117195.09 | V50: 8191.62 | W50: 50782.92 | X50: 26990.51 | Y50: 1155.1 | Z50: 56.73 | AA50: 304.2 | AB50: 10 | AC50: 366448 | AD50: 355678.75 | AE50: 291377.32 | AF50: 45884.36 | AG50: 3308.99 | AH50: 2040.98 | AI50: 3404.24 | AJ50: 657.44 | AK50: 300.71 | AL50: 2718.64 | AM50: 36.35 | AN50: 5949.72 | AO50: 10769.49 | AP50: 10 | AQ50: 366448 | AR50: 216128.1 | AS50: 144068.75 | AT50: 111153.65 | AU50: 6251.33 | AV50: 257779.18 | AW50: 108669.02 | AX50: 10 | AY50: 366448 | AZ50: 216128.1 | BA50: 38793 | BB50: 177334.86 | BC50: 86476.59 | BD50: 90858.31 | BE50: 48.392913 | BF50: 10 | BZ50: 144068.75 | CA50: 366448 | CB50: 10 | CC50: 372386 | CD50: 29191.78 | CE50: 82047.116 | CF50: 916.81 | CG50: 26936.484 | CH50: 113164.86 | CI50: 101965.14 | CJ50: 18163.803 | CK50: 10 | CL50: 180175 | CM50: 134.56 | CN50: 870.9 | CO50: 21087.489 | CP50: 86275.223 | CQ50: 69958.204 | CR50: 1848.6239 | CS50: 10 | CT50: 87959.514 | CU50: 3081.89 | CV50: 84877.624 | CW50: 84497 | CX50: 35786
A51: 11 | B51: 257414 | C51: 249230 | D51: 41681.27 | E51: 207548.9 | F51: 8184.19 | G51: 242.78 | H51: 7652.11 | I51: 44.11 | J51: 245.19 | K51: 11 | L51: 249230 | M51: 41681.27 | N51: 181.76 | O51: 209.9 | P51: 33664.92 | Q51: 4159.12 | R51: 3421.02 | S51: 44.55 | T51: 207548.9 | U51: 116968.22 | V51: 8311.23 | W51: 50724.89 | X51: 30060.47 | Y51: 1135.18 | Z51: 56.12 | AA51: 292.79 | AB51: 11 | AC51: 369559 | AD51: 358764.12 | AE51: 293026.74 | AF51: 46603.8 | AG51: 3333.26 | AH51: 2563.73 | AI51: 3394.47 | AJ51: 670.68 | AK51: 385.67 | AL51: 2714.88 | AM51: 56.15 | AN51: 6014.74 | AO51: 10795.38 | AP51: 11 | AQ51: 369559 | AR51: 217790.59 | AS51: 145473.63 | AT51: 112430.03 | AU51: 6295.21 | AV51: 260499.76 | AW51: 109059.65 | AX51: 11 | AY51: 369559 | AZ51: 217790.59 | BA51: 39855 | BB51: 177935.68 | BC51: 86832.18 | BD51: 91103.53 | BE51: 48.148112 | BF51: 11 | BZ51: 145473.63 | CA51: 369559 | CB51: 11 | CC51: 373276 | CD51: 29052.833 | CE51: 84027.236 | CF51: 895.83 | CG51: 26870.569 | CH51: 113078.95 | CI51: 101445.69 | CJ51: 17904.892 | CK51: 11 | CL51: 181181 | CM51: 128.85 | CN51: 843.32 | CO51: 20516.094 | CP51: 86875.9 | CQ51: 70854.553 | CR51: 1962.2821 | CS51: 11 | CT51: 88007.092 | CU51: 3527.2994 | CV51: 84479.792 | CW51: 85755 | CX51: 37167
A52: 12 | B52: 260695 | C52: 252417 | D52: 42180.97 | E52: 210236.32 | F52: 8278.23 | G52: 240.94 | H52: 7812.6 | I52: 64.33 | J52: 160.36 | K52: 12 | L52: 252417 | M52: 42180.97 | N52: 204.23 | O52: 198.62 | P52: 34549.46 | Q52: 3857.03 | R52: 3363.62 | S52: 8.01 | T52: 210236.32 | U52: 118649.63 | V52: 8379.13 | W52: 51679.91 | X52: 30126.41 | Y52: 1117.03 | Z52: 55.58 | AA52: 228.63 | AB52: 12 | AC52: 369293 | AD52: 358759.69 | AE52: 292144.65 | AF52: 47403.06 | AG52: 3218.91 | AH52: 2554.92 | AI52: 3351.22 | AJ52: 577.63 | AK52: 441.54 | AL52: 2749.27 | AM52: 288.83 | AN52: 6029.66 | AO52: 10532.88 | AP52: 12 | AQ52: 369293 | AR52: 216889.3 | AS52: 145658.02 | AT52: 112878.69 | AU52: 6745.24 | AV52: 259983.64 | AW52: 109308.93 | AX52: 12 | AY52: 369293 | AZ52: 216889.3 | BA52: 39593 | BB52: 177295.65 | BC52: 86176.96 | BD52: 91118.78 | BE52: 48.00948 | BF52: 12 | BG52: 223634.56 | BH52: 102014.27 | BI52: 43200.97 | BJ52: 12621.85 | BK52: 4834.41 | BL52: 8135.55 | BM52: 15851.93 | BN52: 30316.78 | BO52: 4941 | BP52: 121620.2 | BQ52: 1405.62 | BR52: 273.71 | BS52: 7209.18 | BT52: 1253.94 | BU52: 23491.12 | BV52: 14629.03 | BW52: 8521.19 | BX52: 774.24 | BY52: 29725.35 | BZ52: 145658.02 | CA52: 369293 | CB52: 12 | CC52: 369014 | CD52: 27099.894 | CE52: 83072.249 | CF52: 919.14 | CG52: 26729.845 | CH52: 112586.53 | CI52: 100800.37 | CJ52: 17805.981 | CK52: 12 | CL52: 181314 | CM52: 124.84 | CN52: 844.9 | CO52: 20932.928 | CP52: 86794.299 | CQ52: 71039.995 | CR52: 1577.0375 | CS52: 12 | CT52: 86811.618 | CU52: 2861.08 | CV52: 83950.538 | CW52: 86580 | CX52: 36912
A54: 2026.1 | B54: 257526 | C54: 249032 | D54: 42427.06 | E54: 206604.8 | F54: 8493.97 | G54: 229.85 | H54: 8061.67 | I54: 60.89 | J54: 140.56 | K54: 2026.1 | L54: 249032 | M54: 42427.06 | N54: 220.14 | O54: 202.6 | P54: 33991.14 | Q54: 4943.85 | R54: 3039.88 | S54: 29.45 | T54: 206604.8 | U54: 117721.16 | V54: 8277.38 | W54: 51453.53 | X54: 27850.7 | Y54: 1036.31 | Z54: 54.98 | AA54: 210.74 | AB54: 2026.1 | AC54: 370216 | AD54: 359570.44 | AE54: 292548.26 | AF54: 47868.5 | AG54: 3424.16 | AH54: 2354.08 | AI54: 3324.9 | AJ54: 648.76 | AK54: 393.82 | AL54: 2770.01 | AM54: 95.46 | AN54: 6142.49 | AO54: 10645.16 | AP54: 2026.1 | AQ54: 370216 | AR54: 217599.76 | AS54: 145504.25 | AT54: 112915.39 | AU54: 7111.59 | AV54: 260407.5 | AW54: 109808.14 | AX54: 2026.1 | AY54: 370216 | AZ54: 217599.76 | BA54: 40099 | BB54: 177500.65 | BC54: 86044 | BD54: 91456.63 | BE54: 47.945159 | BF54: 2026.1 | BZ54: 145504.25 | CA54: 370216 | CB54: 2026.1 | CC54: 371408 | CD54: 28093.943 | CE54: 87116.296 | CF54: 936.42 | CG54: 26554.981 | CH54: 112055.01 | CI54: 98858.97 | CJ54: 17792.38 | CK54: 2026.1 | CL54: 178370 | CM54: 119.98 | CN54: 834.51 | CO54: 21259.06 | CP54: 87078.044 | CQ54: 67377.07 | CR54: 1701.3357 | CS54: 2026.1 | CT54: 87094.718 | CU54: 3020.5 | CV54: 84074.218 | CW54: 83251 | CX54: 37738
A55: 2 | B55: 263153 | C55: 254362 | D55: 43919.85 | E55: 210441.84 | F55: 8790.2 | G55: 217.59 | H55: 8401.53 | I55: 30.74 | J55: 140.34 | K55: 2 | L55: 254362 | M55: 43919.85 | N55: 161.59 | O55: 215.82 | P55: 35351.75 | Q55: 3992 | R55: 4165.39 | S55: 33.3 | T55: 210441.84 | U55: 118973.41 | V55: 8195.34 | W55: 52822.63 | X55: 29209.12 | Y55: 980.67 | Z55: 54.2 | AA55: 206.47 | AB55: 2 | AC55: 371077 | AD55: 360416.26 | AE55: 291942.16 | AF55: 48443.77 | AG55: 3554.51 | AH55: 2992.31 | AI55: 3384.18 | AJ55: 697.11 | AK55: 389.28 | AL55: 2744.25 | AM55: 45.82 | AN55: 6222.87 | AO55: 10660.93 | AP55: 2 | AQ55: 371077 | AR55: 218781.78 | AS55: 145440.23 | AT55: 113142.69 | AU55: 6855.21 | AV55: 260868.16 | AW55: 110209.03 | AX55: 2 | AY55: 371077 | AZ55: 218781.78 | BA55: 40905 | BB55: 177877.14 | BC55: 86105.3 | BD55: 91771.83 | BE55: 47.935372 | BF55: 2 | BZ55: 145440.23 | CA55: 371077 | CB55: 2 | CC55: 373306 | CD55: 29164.259 | CE55: 89708.926 | CF55: 962.89 | CG55: 26570.187 | CH55: 111211.31 | CI55: 97903.56 | CJ55: 17784.866 | CK55: 2 | CL55: 183811 | CM55: 108.07 | CN55: 835.64 | CO55: 21355.219 | CP55: 87544.842 | CQ55: 71934.88 | CR55: 2032.349 | CS55: 2 | CT55: 87480.891 | CU55: 3312.17 | CV55: 84168.721 | CW55: 88349 | CX55: 40342
A57: 주: 1) 2021.9월까지의 수치는 금융채 잔액을 제외하여 집계 | K57: 주: 1) 국고예금, 기타요구불예금 등 2) 목돈마련저축, 근로자주택마련저축, 근로자장기저축, 기타저축성예금 등 | AB57: 주: 1) 일반자금과 분할상환의 합계 2) 장기주택마련저축, 근로자주택마련저축 가입자에게 취급한 대출 등 3) 중소기업진흥기금대출, 중소기업구조개선자금 대출 등 중소기업을 위한 전용기금 등을 재원으로 한 대출 4) 차관자금, 국민투자기금, 국민주택기금 대출금 포함 | AP57: 주: 1) 공공주택자금대출, 차관자금대출, 주택기금대출 등 | AX57: 주: 1) 총대출금에서 중소기업대출금이 차지하는 비중(%) | BF57: 주: 1) 제10차 한국표준산업분류 개정(2017.7.1부터 시행)에 따라 업종명 및 포괄범위가 변경 2) 산업분류는 한국표준산업분류표에 따름 | BP57: 주: 1) 은행간 대출금 및 정부대출금을 제외한 대민간 원화대출금 | CB57: 주: 1) 2002.1월부터 예금은행(특수은행)으로 분류된 한국산업은행 제외 2) 자산운용사 펀드상품의 지역별 판매잔액을 기준으로 작성 3) 은행 및 증권회사의 신탁계정 4) 농업협동조합, 수산업협동조합 및 산림조합의 단위 조합 5) 우체국예금(2006.1월부터 편제) 등 | CK57: 주: 1) 2002.1월부터 예금은행(특수은행)으로 분류된 한국산업은행 제외 2) 은행 및 증권회사의 신탁계정 3) 농업협동조합, 수산업협동조합 및 산림조합의 단위 조합 4) 수출입은행(2005.3월부터 편제), 우체국예금(2006.1월부터 편제) 등 | CS57: 주: 1) 매입어음 제외, 2013.1월부터 편제 2) 2007.12월부터 편제 3) 일부 비은행금융기관의 주택담보대출과 기타대출간의 수치조정을 반영

Sheet 1.4.어음부도율
A1: 4. 어음부도율1) 및 신설법인수
A2: (울산광역시) | H2: (백만원, %, 개)
A3: 연 월 | B3: 어음 교환액 | C3: 어음 부도액 | D3: 어음 부도율 | E3: 부도업체수2) | H3: 신설법인수
F4: 법인 | G4: 개인
A6: ='1.1. 한국은행 계정'!A11 -> 40544 | B6: 20522489 | C6: 19497 | D6: 0.1 | E6: 15 | F6: 6 | G6: 9 | H6: 1012
A7: ='1.1. 한국은행 계정'!A12 -> 40909 | B7: 21212276 | C7: 66000 | D7: 0.31 | E7: 9 | F7: 5 | G7: 4 | H7: 1204
A8: ='1.1. 한국은행 계정'!A13 -> 41275 | B8: 19893709 | C8: 23709 | D8: 0.12 | E8: 8 | F8: 7 | G8: 1 | H8: 1119
A9: ='1.1. 한국은행 계정'!A14 -> 41640 | B9: 20093572 | C9: 19188 | D9: 0.1 | E9: 7 | F9: 5 | G9: 2 | H9: 1179
A10: ='1.1. 한국은행 계정'!A15 -> 42005 | B10: 17763733 | C10: 16914 | D10: 0.1 | E10: 9 | F10: 6 | G10: 3 | H10: 1452
A11: ='1.1. 한국은행 계정'!A16 -> 42370 | B11: 16867836 | C11: 10075 | D11: 0.06 | E11: 6 | F11: 3 | G11: 3 | H11: 1416
A12: ='1.1. 한국은행 계정'!A17 -> 42736 | B12: 17574336 | C12: 32847 | D12: 0.19 | E12: 12 | F12: 10 | G12: 2 | H12: 1370
A13: ='1.1. 한국은행 계정'!A18 -> 43101 | B13: 17377957 | C13: 34320 | D13: 0.2 | E13: 8 | F13: 7 | G13: 1 | H13: 1346
A14: ='1.1. 한국은행 계정'!A19 -> 43466 | B14: 13780798 | C14: 45262 | D14: 0.33 | E14: 12 | F14: 9 | G14: 3 | H14: 1370
A15: ='1.1. 한국은행 계정'!A20 -> 43831 | B15: 10998234 | C15: 47845 | D15: 0.44 | E15: 9 | F15: 6 | G15: 3 | H15: 1615
A16: ='1.1. 한국은행 계정'!A21 -> 44197 | B16: 9441874 | C16: 32376 | D16: 0.34 | E16: 10 | F16: 10 | G16: 0 | H16: 1732
A17: ='1.1. 한국은행 계정'!A22 -> 44562 | B17: 13359027 | C17: 19298 | D17: 0.14 | E17: 2 | F17: 2 | G17: 0 | H17: 1496
... A20: ='1.1. 한국은행 계정'!A25 -> 45658 | B20: 9820316.8 | C20: 53675.693 | D20: 0.55 | E20: 1 | F20: 1 | G20: 0 | H20: 1217
A22: =DATE(YEAR(표지!O1)-2,MONTH(표지!O1)-1,1) -> 45352 | B22: 594890 | C22: 2053 | D22: 0.35 | E22: 0 | F22: 0 | G22: 0 | H22: 94
A23: =DATE(YEAR(A22),MONTH(A22)+1,1) -> 45383 | B23: 990484 | C23: 37 | D23: 0 | E23: 0 | F23: 0 | G23: 0 | H23: 97
A24: =DATE(YEAR(A23),MONTH(A23)+1,1) -> 45413 | B24: 681964 | C24: 1843 | D24: 0.27 | E24: 0 | F24: 0 | G24: 0 | H24: 112
A25: =DATE(YEAR(A24),MONTH(A24)+1,1) -> 45444 | B25: 371956 | C25: 696 | D25: 0.19 | E25: 0 | F25: 0 | G25: 0 | H25: 109
A26: =DATE(YEAR(A25),MONTH(A25)+1,1) -> 45474 | B26: 950991 | C26: 70 | D26: 0.01 | E26: 0 | F26: 0 | G26: 0 | H26: 106
A27: =DATE(YEAR(A26),MONTH(A26)+1,1) -> 45505 | B27: 474243 | C27: 18180 | D27: 3.83 | E27: 0 | F27: 0 | G27: 0 | H27: 79
A28: =DATE(YEAR(A27),MONTH(A27)+1,1) -> 45536 | B28: 491212 | C28: 1547 | D28: 0.31 | E28: 2 | F28: 2 | G28: 0 | H28: 83
A29: =DATE(YEAR(A28),MONTH(A28)+1,1) -> 45566 | B29: 911841 | C29: 4539 | D29: 0.5 | E29: 0 | F29: 0 | G29: 0 | H29: 117
A30: =DATE(YEAR(A29),MONTH(A29)+1,1) -> 45597 | B30: 547599 | C30: 155 | D30: 0.03 | E30: 0 | F30: 0 | G30: 0 | H30: 104
A31: =DATE(YEAR(A30),MONTH(A30)+1,1) -> 45627 | B31: 857555 | C31: 725 | D31: 0.08 | E31: 0 | F31: 0 | G31: 0 | H31: 96
A33: =DATE(YEAR(A31),MONTH(A31)+1,1) -> 45658 | B33: 723345 | C33: 237 | D33: 0.03 | E33: 0 | F33: 0 | G33: 0 | H33: 89
A34: =DATE(YEAR(A33),MONTH(A33)+1,1) -> 45689 | B34: 1015801 | C34: 243 | D34: 0.02 | E34: 0 | F34: 0 | G34: 0 | H34: 102
A35: =DATE(YEAR(A34),MONTH(A34)+1,1) -> 45717 | B35: 997584 | C35: 8082 | D35: 0.81 | E35: 0 | F35: 0 | G35: 0 | H35: 122
A36: =DATE(YEAR(A35),MONTH(A35)+1,1) -> 45748 | B36: 1003128 | C36: 7823 | D36: 0.78 | E36: 0 | F36: 0 | G36: 0 | H36: 104
A37: =DATE(YEAR(A36),MONTH(A36)+1,1) -> 45778 | B37: 886010 | C37: 15261 | D37: 1.72 | E37: 0 | F37: 0 | G37: 0 | H37: 100
A38: =DATE(YEAR(A37),MONTH(A37)+1,1) -> 45809 | B38: 536030 | C38: 1295 | D38: 0.24 | E38: 0 | F38: 0 | G38: 0 | H38: 108
A39: =DATE(YEAR(A38),MONTH(A38)+1,1) -> 45839 | B39: 616598 | C39: 1933 | D39: 0.31 | E39: 1 | F39: 1 | G39: 0 | H39: 97
A40: =DATE(YEAR(A39),MONTH(A39)+1,1) -> 45870 | B40: 792792 | C40: 5235 | D40: 0.66 | E40: 0 | F40: 0 | G40: 0 | H40: 94
A41: =DATE(YEAR(A40),MONTH(A40)+1,1) -> 45901 | B41: 910965 | C41: 10818 | D41: 1.19 | E41: 0 | F41: 0 | G41: 0 | H41: 102
A42: =DATE(YEAR(A41),MONTH(A41)+1,1) -> 45931 | B42: 788004 | C42: 759 | D42: 0.1 | E42: 0 | F42: 0 | G42: 0 | H42: 99
A43: =DATE(YEAR(A42),MONTH(A42)+1,1) -> 45962 | B43: 816265 | C43: 1961 | D43: 0.24 | E43: 0 | F43: 0 | G43: 0 | H43: 104
A44: =DATE(YEAR(A43),MONTH(A43)+1,1) -> 45992 | B44: 733796 | C44: 29 | D44: 0 | E44: 0 | F44: 0 | G44: 0 | H44: 96
A46: =DATE(YEAR(A44),MONTH(A44)+1,1) -> 46023 | B46: 879664 | C46: 0 | D46: 0 | E46: 0 | F46: 0 | G46: 0 | H46: 98
A47: =DATE(YEAR(A46),MONTH(A46)+1,1) -> 46054 | B47: 910566 | C47: 554 | D47: 0.06 | E47: 0 | F47: 1 | G47: 1 | H47: 78
A48: =DATE(YEAR(A47),MONTH(A47)+1,1) -> 46082 | B48: 583785 | C48: 2167 | D48: 0.37 | E48: 2 | F48: 1 | G48: 1 | H48: 98
A50: 주: 1) 전자결제액(전자금융공동망 타행환 등) 제외
A51: 2) 금융기관의 당좌거래 정지 기준

Sheet 2.1.제조업 생산·출하·재고지수
A1: Ⅰ- 2. 실물통계
A3: 1. 제조업 생산·출하·재고지수1)
A4: (울산광역시) | G4: (2020=100)
A5: 연월중 | B5: 생산지수 | D5: 출하지수 | F5: 재고지수2)
B6: 원지수 | C6: 계절변동 | D6: 원지수 | E6: 계절변동 | F6: 원지수 | G6: 계절변동
C7: 조정지수 | E7: 조정지수 | G7: 조정지수
A9: 40909 | B9: 120.052 | C9: - | D9: 114.33858 | E9: - | F9: 68.249917 | G9: -
A10: =DATE(YEAR(A9)+1,MONTH(A9),1) -> 41275 | B10: 117.65917 | C10: - | D10: 112.03142 | E10: - | F10: 65.811167 | G10: -
A11: =DATE(YEAR(A10)+1,MONTH(A10),1) -> 41640 | B11: 115.93225 | C11: - | D11: 111.34067 | E11: - | F11: 73.524833 | G11: -
A12: =DATE(YEAR(A11)+1,MONTH(A11),1) -> 42005 | B12: 112.2335 | C12: - | D12: 108.92325 | E12: - | F12: 74.626917 | G12: -
A13: =DATE(YEAR(A12)+1,MONTH(A12),1) -> 42370 | B13: 103.788 | C13: - | D13: 104.32083 | E13: - | F13: 80.883167 | G13: -
A14: =DATE(YEAR(A13)+1,MONTH(A13),1) -> 42736 | B14: 102.08575 | C14: - | D14: 103.48575 | E14: - | F14: 83.694 | G14: -
A15: =DATE(YEAR(A14)+1,MONTH(A14),1) -> 43101 | B15: 105.51817 | C15: - | D15: 104.57517 | E15: - | F15: 91.12575 | G15: -
A16: =DATE(YEAR(A15)+1,MONTH(A15),1) -> 43466 | B16: 107.342 | C16: - | D16: 105.57375 | E16: - | F16: 100.50383 | G16: -
A17: =DATE(YEAR(A16)+1,MONTH(A16),1) -> 43831 | B17: 100.00833 | C17: - | D17: 100 | E17: - | F17: 100.00833 | G17: -
A18: =DATE(YEAR(A17)+1,MONTH(A17),1) -> 44197 | B18: 106.825 | C18: - | D18: 103.69167 | E18: - | F18: 94.225 | G18: -
A19: =DATE(YEAR(A18)+1,MONTH(A18),1) -> 44562 | B19: 105.36667 | C19: - | D19: 103.15833 | E19: - | F19: 92.083333 | G19: -
A20: =DATE(YEAR(A19)+1,MONTH(A19),1) -> 44927 | B20: 104.25 | C20: - | D20: 103.3 | E20: - | F20: 93.35 | G20: -
A21: =DATE(YEAR(A20)+1,MONTH(A20),1) -> 45292 | B21: 105.41667 | C21: - | D21: 104.78333 | E21: - | F21: 93.808333 | G21: -
A22: =DATE(YEAR(A21)+1,MONTH(A21),1) -> 45658 | B22: 108.4 | C22: - | D22: 105.75833 | E22: - | F22: 89.883333 | G22: -
A24: =DATE(YEAR(표지!O1)-2,MONTH(표지!O1)-1,1) -> 45352 | B24: 109.6 | C24: 105.3 | D24: 109.4 | E24: 104.5 | F24: 96.8 | G24: 96.6
A25: =DATE(YEAR(A24),MONTH(A24)+1,1) -> 45383 | B25: 110.5 | C25: 109.3 | D25: 109.1 | E25: 108.1 | F25: 96.2 | G25: 93.2
A26: =DATE(YEAR(A25),MONTH(A25)+1,1) -> 45413 | B26: 110 | C26: 106.7 | D26: 109.7 | E26: 105.9 | F26: 96.9 | G26: 94
A27: =DATE(YEAR(A26),MONTH(A26)+1,1) -> 45444 | B27: 103.8 | C27: 104.8 | D27: 103.5 | E27: 105 | F27: 93.6 | G27: 94.8
A28: =DATE(YEAR(A27),MONTH(A27)+1,1) -> 45474 | B28: 100.3 | C28: 99.8 | D28: 102.6 | E28: 102.3 | F28: 88.9 | G28: 90.7
A29: =DATE(YEAR(A28),MONTH(A28)+1,1) -> 45505 | B29: 102.8 | C29: 110.2 | D29: 102.5 | E29: 106.8 | F29: 93.9 | G29: 94.7
A30: =DATE(YEAR(A29),MONTH(A29)+1,1) -> 45536 | B30: 103.1 | C30: 109.6 | D30: 100.6 | E30: 106.8 | F30: 95.3 | G30: 95.7
A31: =DATE(YEAR(A30),MONTH(A30)+1,1) -> 45566 | B31: 104.7 | C31: 102.6 | D31: 105.7 | E31: 102.9 | F31: 87.9 | G31: 89.9
A32: =DATE(YEAR(A31),MONTH(A31)+1,1) -> 45597 | B32: 106.6 | C32: 103.6 | D32: 104.1 | E32: 102.4 | F32: 88.4 | G32: 91.3
A33: =DATE(YEAR(A32),MONTH(A32)+1,1) -> 45627 | B33: 109.5 | C33: 103.9 | D33: 108.7 | E33: 105.4 | F33: 89.9 | G33: 91.4
A35: =DATE(YEAR(A33),MONTH(A33)+1,1) -> 45658 | B35: 98.6 | C35: 104.3 | D35: 95.2 | E35: 101.5 | F35: 100.7 | G35: 95.1
A36: =DATE(YEAR(A35),MONTH(A35)+1,1) -> 45689 | B36: 101.9 | C36: 106.8 | D36: 100.6 | E36: 104.7 | F36: 92.8 | G36: 91.6
A37: =DATE(YEAR(A36),MONTH(A36)+1,1) -> 45717 | B37: 110.5 | C37: 107.9 | D37: 107.8 | E37: 104.5 | F37: 88.6 | G37: 87.8
A38: =DATE(YEAR(A37),MONTH(A37)+1,1) -> 45748 | B38: 109.7 | C38: 106.6 | D38: 107.2 | E38: 104.6 | F38: 90.3 | G38: 88
A39: =DATE(YEAR(A38),MONTH(A38)+1,1) -> 45778 | B39: 110.1 | C39: 106.8 | D39: 106.7 | E39: 103 | F39: 95.6 | G39: 92.8
A40: =DATE(YEAR(A39),MONTH(A39)+1,1) -> 45809 | B40: 110.8 | C40: 113.6 | D40: 110.2 | E40: 113.4 | F40: 87.9 | G40: 88.5
A41: =DATE(YEAR(A40),MONTH(A40)+1,1) -> 45839 | B41: 108 | C41: 107.9 | D41: 108 | E41: 107.7 | F41: 84.6 | G41: 86.4
A42: =DATE(YEAR(A41),MONTH(A41)+1,1) -> 45870 | B42: 107.2 | C42: 116.1 | D42: 104.7 | E42: 110.7 | F42: 88.8 | G42: 88.8
A43: =DATE(YEAR(A42),MONTH(A42)+1,1) -> 45901 | B43: 114.4 | C43: 109.3 | D43: 112.4 | E43: 108.6 | F43: 84 | G43: 87.3
A44: =DATE(YEAR(A43),MONTH(A43)+1,1) -> 45931 | B44: 103.9 | C44: 110 | D44: 100.4 | E44: 104.3 | F44: 88.7 | G44: 88.9
A45: =DATE(YEAR(A44),MONTH(A44)+1,1) -> 45962 | B45: 109.1 | C45: 107.9 | D45: 106.1 | E45: 106 | F45: 87.2 | G45: 89.5
A46: =DATE(YEAR(A45),MONTH(A45)+1,1) -> 45992 | B46: 116.6 | C46: 109.2 | D46: 109.8 | E46: 105 | F46: 89.4 | G46: 91.3
A48: =DATE(YEAR(A46),MONTH(A46)+1,1) -> 46023 | B48: 113.6 | C48: 109.5 | D48: 108.4 | E48: 107.2 | F48: 94.3 | G48: 91.9
A49: =DATE(YEAR(A48),MONTH(A48)+1,1) -> 46054 | B49: 95.9 | C49: 108.6 | D49: 93.2 | E49: 103.1 | F49: 96.8 | G49: 93
A50: =DATE(YEAR(A49),MONTH(A49)+1,1) -> 46082 | B50: 114.6 | C50: 110.2 | D50: 109.7 | E50: 104.7 | F50: 93.5 | G50: 93.2
A52: 주 : 1) 2020=100인 지수에 기초하여 산출
A53: 2) 기말 기준
A54: 자료 : 국가데이터처

Sheet 2.2.대형소매점 판매액지수
A1: 2. 대형소매점 판매액 지수
A2: (울산광역시)
A3: 연월중 | B3: 대형소매점 판매액 지수1)
C5: 백화점 | D5: 대형마트
A7: 40909 | B7: 136.89167 | C7: 156.80833 | D7: 119.96667
A8: =DATE(YEAR(A7)+1,MONTH(A7),1) -> 41275 | B8: 136.15 | C8: 150.36667 | D8: 123.96667
A9: =DATE(YEAR(A8)+1,MONTH(A8),1) -> 41640 | B9: 129.975 | C9: 140.24167 | D9: 121.175
A10: =DATE(YEAR(A9)+1,MONTH(A9),1) -> 42005 | B10: 126.55 | C10: 139.95833 | D10: 115
A11: =DATE(YEAR(A10)+1,MONTH(A10),1) -> 42370 | B11: 121.28333 | C11: 130.225 | D11: 113.625
A12: =DATE(YEAR(A11)+1,MONTH(A11),1) -> 42736 | B12: 116.075 | C12: 122.44167 | D12: 110.6
A13: =DATE(YEAR(A12)+1,MONTH(A12),1) -> 43101 | B13: 109.425 | C13: 116.4 | D13: 103.44167
A14: =DATE(YEAR(A13)+1,MONTH(A13),1) -> 43466 | B14: 106.75833 | C14: 113.91667 | D14: 100.65833
A15: =DATE(YEAR(A14)+1,MONTH(A14),1) -> 43831 | B15: 100 | C15: 100.00833 | D15: 100
A16: =DATE(YEAR(A15)+1,MONTH(A15),1) -> 44197 | B16: 102.325 | C16: 109.95 | D16: 95.783333
A17: =DATE(YEAR(A16)+1,MONTH(A16),1) -> 44562 | B17: 97.058333 | C17: 105.39167 | D17: 89.958333
A18: =DATE(YEAR(A17)+1,MONTH(A17),1) -> 44927 | B18: 98.991667 | C18: 106.175 | D18: 93.133333
A19: =DATE(YEAR(A18)+1,MONTH(A18),1) -> 45292 | B19: 94.808333 | C19: 96.783333 | D19: 93.216667
A20: =DATE(YEAR(A19)+1,MONTH(A19),1) -> 45658 | B20: 90.433333 | C20: 92.916667 | D20: 88.391667
A22: =DATE(YEAR(표지!O1)-2,MONTH(표지!O1)-1,1) -> 45352 | B22: 98.9 | C22: 103.3 | D22: 95.4
A23: =DATE(YEAR(A22),MONTH(A22)+1,1) -> 45383 | B23: 87.9 | C23: 95.3 | D23: 81.8
A24: =DATE(YEAR(A23),MONTH(A23)+1,1) -> 45413 | B24: 100 | C24: 107.7 | D24: 93.7
A25: =DATE(YEAR(A24),MONTH(A24)+1,1) -> 45444 | B25: 92.4 | C25: 91.8 | D25: 92.9
A26: =DATE(YEAR(A25),MONTH(A25)+1,1) -> 45474 | B26: 93.4 | C26: 90.4 | D26: 96
A27: =DATE(YEAR(A26),MONTH(A26)+1,1) -> 45505 | B27: 91.7 | C27: 81.5 | D27: 100.1
A28: =DATE(YEAR(A27),MONTH(A27)+1,1) -> 45536 | B28: 99.5 | C28: 99.1 | D28: 99.7
A29: =DATE(YEAR(A28),MONTH(A28)+1,1) -> 45566 | B29: 90.5 | C29: 97.4 | D29: 84.8
A30: =DATE(YEAR(A29),MONTH(A29)+1,1) -> 45597 | B30: 95.3 | C30: 101.6 | D30: 90.2
A31: =DATE(YEAR(A30),MONTH(A30)+1,1) -> 45627 | B31: 97 | C31: 102.5 | D31: 92.5
A33: =DATE(YEAR(A31),MONTH(A31)+1,1) -> 45658 | B33: 109.7 | C33: 101.5 | D33: 116.5
A34: =DATE(YEAR(A33),MONTH(A33)+1,1) -> 45689 | B34: 77.9 | C34: 79.9 | D34: 76.2
A35: =DATE(YEAR(A34),MONTH(A34)+1,1) -> 45717 | B35: 95.1 | C35: 99.1 | D35: 91.8
A36: =DATE(YEAR(A35),MONTH(A35)+1,1) -> 45748 | B36: 81.8 | C36: 85.8 | D36: 78.5
A37: =DATE(YEAR(A36),MONTH(A36)+1,1) -> 45778 | B37: 93.4 | C37: 97.5 | D37: 90.1
A38: =DATE(YEAR(A37),MONTH(A37)+1,1) -> 45809 | B38: 85.8 | C38: 84.2 | D38: 87
A39: =DATE(YEAR(A38),MONTH(A38)+1,1) -> 45839 | B39: 86.6 | C39: 83.9 | D39: 88.8
A40: =DATE(YEAR(A39),MONTH(A39)+1,1) -> 45870 | B40: 82.1 | C40: 77 | D40: 86.4
A41: =DATE(YEAR(A40),MONTH(A40)+1,1) -> 45901 | B41: 92.3 | C41: 95.3 | D41: 89.8
A42: =DATE(YEAR(A41),MONTH(A41)+1,1) -> 45931 | B42: 97 | C42: 104.8 | D42: 90.5
A43: =DATE(YEAR(A42),MONTH(A42)+1,1) -> 45962 | B43: 92 | C43: 104.9 | D43: 81.4
A44: =DATE(YEAR(A43),MONTH(A43)+1,1) -> 45992 | B44: 91.5 | C44: 101.1 | D44: 83.7
A46: =DATE(YEAR(A44),MONTH(A44)+1,1) -> 46023 | B46: 93.2 | C46: 102.2 | D46: 85.8
A47: =DATE(YEAR(A46),MONTH(A46)+1,1) -> 46054 | B47: 88 | C47: 90.4 | D47: 86.1
A48: =DATE(YEAR(A47),MONTH(A47)+1,1) -> 46082 | B48: 87.1 | C48: 98.9 | D48: 77.5
A50: 주 : 1) 불변지수
A51: 자료 : 국가데이터처

Sheet 2.3.건축 허가·착공 면적 등
A1: 3. 건축허가·착공 면적, 건설수주액 및 미분양주택2)
A2: (울산광역시) | K2: (천m2, 억원, 호)
A3: 연월중 | B3: 건축허가면적 | F3: 건축착공면적 | J3: 건설수주액 | K3: 미분양주택1)
C5: 주거용 | D5: 공업용 | E5: 상업용 | G5: 주거용 | H5: 공업용 | I5: 상업용
A7: 40909 | B7: 2832.663 | C7: 1403.439 | D7: 368.616 | E7: 616.174 | F7: 3066.185 | G7: 1558.322 | H7: 424.507 | I7: 496.778 | J7: 39550.09 | K7: 3659
A8: =DATE(YEAR(A7)+1,MONTH(A7),1) -> 41275 | B8: 2564.832 | C8: 1051.485 | D8: 538.5 | E8: 642.291 | F8: 2552.358 | G8: 1190.523 | H8: 480.066 | I8: 487.059 | J8: 25150.61 | K8: 3310
A9: =DATE(YEAR(A8)+1,MONTH(A8),1) -> 41640 | B9: 3947.518 | C9: 2040.411 | D9: 516.896 | E9: 758.966 | F9: 2502.588 | G9: 1235.84 | H9: 455.425 | I9: 521.656 | J9: 30431.85 | K9: 258
A10: =DATE(YEAR(A9)+1,MONTH(A9),1) -> 42005 | B10: 4183.322 | C10: 1560.425 | D10: 615.867 | E10: 1222.833 | F10: 4178.513 | G10: 1804.951 | H10: 515.787 | I10: 1017.355 | J10: 83168.69 | K10: 437
A11: =DATE(YEAR(A10)+1,MONTH(A10),1) -> 42370 | B11: 4991.682 | C11: 2460.921 | D11: 359.977 | E11: 1269.608 | F11: 3573.168 | G11: 1510.586 | H11: 454.728 | I11: 974.112 | J11: 38991.27 | K11: 481
A12: =DATE(YEAR(A11)+1,MONTH(A11),1) -> 42736 | B12: 3086.282 | C12: 1361.127 | D12: 162.474 | E12: 1052.32 | F12: 2005.724 | G12: 789.086 | H12: 153.833 | I12: 709.136 | J12: 23072.12 | K12: 855
A13: =DATE(YEAR(A12)+1,MONTH(A12),1) -> 43101 | B13: 3239.373 | C13: 1455.063 | D13: 268.518 | E13: 1017.357 | F13: 1592.037 | G13: 353.035 | H13: 238.852 | I13: 687.168 | J13: 38951.46 | K13: 997
A14: =DATE(YEAR(A13)+1,MONTH(A13),1) -> 43466 | B14: 1724.0605 | C14: 455.30553 | D14: 369.52873 | E14: 480.65161 | F14: 1518.552 | G14: 464.24707 | H14: 274.08695 | I14: 394.40118 | J14: 19953.17 | K14: 1269
A15: =DATE(YEAR(A14)+1,MONTH(A14),1) -> 43831 | B15: 2132.606 | C15: 784.14022 | D15: 266.61593 | E15: 529.26859 | F15: 2212.6211 | G15: 914.8286 | H15: 246.84878 | I15: 494.32521 | J15: 43897.89 | K15: 468
A16: =DATE(YEAR(A15)+1,MONTH(A15),1) -> 44197 | B16: 3120.2049 | C16: 1384.7821 | D16: 453.60545 | E16: 668.31092 | F16: 2182.6117 | G16: 848.2571 | H16: 414.83136 | I16: 649.35567 | J16: 48065.9 | K16: 397
A17: =DATE(YEAR(A16)+1,MONTH(A16),1) -> 44562 | B17: 4241.7045 | C17: 1918.9853 | D17: 525.78021 | E17: 895.08812 | F17: 2779.6145 | G17: 1092.6565 | H17: 538.83856 | I17: 544.20109 | J17: 57671.86 | K17: 3570
A18: =DATE(YEAR(A17)+1,MONTH(A17),1) -> 44927 | B18: 5066.2541 | C18: 2339.3792 | D18: 1095.2317 | E18: 962.74714 | F18: 2509.1518 | G18: 739.25986 | H18: 977.6621 | I18: 363.441 | J18: 123747.75 | K18: 2941
A19: =DATE(YEAR(A18)+1,MONTH(A18),1) -> 45292 | B19: 2248.5955 | C19: 680.65929 | D19: 537.54662 | E19: 342.17973 | F19: 1198.938 | G19: 148.93102 | H19: 626.48057 | I19: 254.63955 | J19: 56534.29 | K19: 4131
A20: =DATE(YEAR(A19)+1,MONTH(A19),1) -> 45658 | B20: 2233.3598 | C20: 628.57401 | D20: 358.52666 | E20: 465.22126 | F20: 1459.504 | G20: 448.70582 | H20: 339.66168 | I20: 232.50074 | J20: 52723.41 | K20: 1987
A22: =DATE(YEAR(표지!O1)-2,MONTH(표지!O1)-1,1) -> 45352 | B22: 289.69756 | C22: 116.99079 | D22: 68.76672 | E22: 33.0362 | F22: 119.56769 | G22: 33.70026 | H22: 44.21148 | I22: 18.293 | J22: 4982.67 | K22: 2640
A23: =DATE(YEAR(A22),MONTH(A22)+1,1) -> 45383 | B23: 398.4417 | C23: 168.00864 | D23: 110.83741 | E23: 20.36531 | F23: 83.6235 | G23: 4.2215 | H23: 56.01855 | I23: 12.78157 | J23: 12315.31 | K23: 3159
A24: =DATE(YEAR(A23),MONTH(A23)+1,1) -> 45413 | B24: 219.2945 | C24: 101.56529 | D24: 51.06499 | E24: 24.27919 | F24: 86.18498 | G24: 2.92043 | H24: 66.88906 | I24: 14.69546 | J24: 1860.67 | K24: 2976
A25: =DATE(YEAR(A24),MONTH(A24)+1,1) -> 45444 | B25: 89.60608 | C25: 2.13391 | D25: 47.96627 | E25: 33.81598 | F25: 189.55332 | G25: 3.41007 | H25: 168.243 | I25: 11.29613 | J25: 2726.05 | K25: 2801
A26: =DATE(YEAR(A25),MONTH(A25)+1,1) -> 45474 | B26: 251.43975 | C26: 173.19012 | D26: 38.76477 | E26: 20.55212 | F26: 76.65188 | G26: 2.7658 | H26: 44.62504 | I26: 17.63611 | J26: 855.41 | K26: 2428
A27: =DATE(YEAR(A26),MONTH(A26)+1,1) -> 45505 | B27: 86.76085 | C27: 4.14548 | D27: 19.5195 | E27: 34.3973 | F27: 43.12189 | G27: 2.73715 | H27: 21.82942 | I27: 16.18889 | J27: 4347.36 | K27: 2406
A28: =DATE(YEAR(A27),MONTH(A27)+1,1) -> 45536 | B28: 50.78865 | C28: 2.40339 | D28: 16.72521 | E28: 27.03701 | F28: 120.09553 | G28: 2.12428 | H28: 52.32498 | I28: 34.8884 | J28: 6114.47 | K28: 2416
A29: =DATE(YEAR(A28),MONTH(A28)+1,1) -> 45566 | B29: 98.47209 | C29: 44.14144 | D29: 4.87372 | E29: 44.49354 | F29: 189.3981 | G29: 86.13768 | H29: 11.42426 | I29: 40.65316 | J29: 5709.85 | K29: 2836
A30: =DATE(YEAR(A29),MONTH(A29)+1,1) -> 45597 | B30: 231.25602 | C30: 3.33457 | D30: 17.19038 | E30: 14.37019 | F30: 55.48968 | G30: 2.85494 | H30: 22.56616 | I30: 17.38651 | J30: 4957.47 | K30: 2711
A31: =DATE(YEAR(A30),MONTH(A30)+1,1) -> 45627 | B31: 125.52554 | C31: 49.57489 | D31: 27.84621 | E31: 35.03024 | F31: 42.5951 | G31: 2.73841 | H31: 15.63501 | I31: 21.6059 | J31: 7485.14 | K31: 4131
A33: =DATE(YEAR(A31),MONTH(A31)+1,1) -> 45658 | B33: 130.92275 | C33: 82.58702 | D33: 20.44752 | E33: 26.40707 | F33: 117.58993 | G33: 43.17694 | H33: 12.872 | I33: 13.30482 | J33: 1478.04 | K33: 3943
A34: =DATE(YEAR(A33),MONTH(A33)+1,1) -> 45689 | B34: 386.56644 | C34: 2.03638 | D34: 36.56211 | E34: 15.69102 | F34: 45.39372 | G34: 2.95394 | H34: 24.48034 | I34: 10.15134 | J34: 3000.01 | K34: 3811
A35: =DATE(YEAR(A34),MONTH(A34)+1,1) -> 45717 | B35: 103.83185 | C35: 66.9161 | D35: 12.87003 | E35: 18.19109 | F35: 105.73387 | G35: 52.90614 | H35: 6.82963 | I35: 30.13496 | J35: 6040.45 | K35: 3726
A36: =DATE(YEAR(A35),MONTH(A35)+1,1) -> 45748 | B36: 86.75635 | C36: 3.38353 | D36: 15.43138 | E36: 21.38649 | F36: 79.11246 | G36: 12.2295 | H36: 48.18672 | I36: 16.71722 | J36: 3532.82 | K36: 3505
A37: =DATE(YEAR(A36),MONTH(A36)+1,1) -> 45778 | B37: 97.38861 | C37: 3.36097 | D37: 23.01387 | E37: 14.03815 | F37: 215.92257 | G37: 3.35857 | H37: 28.11323 | I37: 6.84997 | J37: 1630.58 | K37: 3140
A38: =DATE(YEAR(A37),MONTH(A37)+1,1) -> 45809 | B38: 558.70387 | C38: 346.27332 | D38: 27.34172 | E38: 28.90051 | F38: 119.32182 | G38: 88.11765 | H38: 5.05538 | I38: 18.81574 | J38: 9343.15 | K38: 2746
A39: =DATE(YEAR(A38),MONTH(A38)+1,1) -> 45839 | B39: 141.36396 | C39: 2.9346 | D39: 82.04777 | E39: 28.76011 | F39: 88.15607 | G39: 1.8997 | H39: 34.28971 | I39: 14.0927 | J39: 2448.75 | K39: 2531
A40: =DATE(YEAR(A39),MONTH(A39)+1,1) -> 45870 | B40: 117.27986 | C40: 1.18914 | D40: 16.2737 | E40: 29.29388 | F40: 108.52993 | G40: 41.502 | H40: 35.08278 | I40: 20.98077 | J40: 1855.14 | K40: 2308
A41: =DATE(YEAR(A40),MONTH(A40)+1,1) -> 45901 | B41: 117.4645 | C41: 36.32493 | D41: 33.15685 | E41: 35.58454 | F41: 330.66227 | G41: 181.07126 | H41: 45.26017 | I41: 11.23788 | J41: 7631.19 | K41: 2152
A42: =DATE(YEAR(A41),MONTH(A41)+1,1) -> 45931 | B42: 96.65831 | C42: 6.6378 | D42: 49.30323 | E42: 20.73472 | F42: 81.37551 | G42: 7.86792 | H42: 28.91056 | I42: 38.64806 | J42: 3567.72 | K42: 2676
A43: =DATE(YEAR(A42),MONTH(A42)+1,1) -> 45962 | B43: 230.92888 | C43: 3.93478 | D43: 35.2047 | E43: 176.97562 | F43: 69.31484 | G43: 7.47677 | H43: 18.7622 | I43: 21.07004 | J43: 9360.18 | K43: 2309
A44: =DATE(YEAR(A43),MONTH(A43)+1,1) -> 45992 | B44: 165.49439 | C44: 72.99544 | D44: 6.87378 | E44: 49.25806 | F44: 98.39099 | G44: 6.14543 | H44: 51.81896 | I44: 30.49724 | J44: 2835.38 | K44: 1987
A46: =DATE(YEAR(A44),MONTH(A44)+1,1) -> 46023 | B46: 307.02625 | C46: 246.64071 | D46: 18.69355 | E46: 28.06231 | F46: 36.03942 | G46: 2.38325 | H46: 11.19734 | I46: 17.5089 | J46: 1918.86 | K46: 1632
A47: =DATE(YEAR(A46),MONTH(A46)+1,1) -> 46054 | B47: 254.04588 | C47: 87.56233 | D47: 133.86321 | E47: 22.83552 | F47: 39.89143 | G47: 1.06068 | H47: 15.68915 | I47: 17.70163 | J47: 4785.89 | K47: 1402
A48: =DATE(YEAR(A47),MONTH(A47)+1,1) -> 46082 | B48: 69.56391 | C48: 3.43815 | D48: 25.09073 | E48: 34.29376 | F48: 118.88805 | G48: 3.63273 | H48: 20.6139 | I48: 36.45841 | J48: 2438.78 | K48: 1164
A50: 주 : 1) 기말기준 2) 연간보정으로 2018년 1월 이후 시계열 변경
A51: 자료 : 국토교통부(건축허가·착공 면적, 미분양주택), 국가데이터처(건설수주액)

Sheet 2.4.수출입
A1: 4. 수출입
A2: (울산광역시) | K2: (백만달러)
A3: 연월중 | B3: 수출 | G3: 수입
C4: 1차 | D4: 중간재 | E4: 자본재 | F4: 소비재 | H4: 1차 | I4: 중간재 | J4: 자본재 | K4: 소비재
C5: 산품 | F5: 등1) | H5: 산품 | K5: 등1)
A7: 40909 | B7: 97212.707 | C7: 130.4196 | D7: 67918.526 | E7: 12954.805 | F7: =B7-SUM(C7:E7) -> 16208.957 | G7: 87611.35 | H7: 65218.001 | I7: 19664.663 | J7: 2631.7559 | K7: =G7-SUM(H7:J7) -> 96.929875
A8: =DATE(YEAR(A7)+1,MONTH(A7),1) -> 41275 | B8: 91512.584 | C8: 134.61598 | D8: 61780.508 | E8: 13334.967 | F8: =B8-SUM(C8:E8) -> 16262.493 | G8: 83915.136 | H8: 59765.221 | I8: 20905.455 | J8: 3052.6108 | K8: =G8-SUM(H8:J8) -> 191.84956
A9: =DATE(YEAR(A8)+1,MONTH(A8),1) -> 41640 | B9: 92400.41 | C9: 135.85008 | D9: 59662.869 | E9: 15994.081 | F9: =B9-SUM(C9:E9) -> 16607.61 | G9: 79739.272 | H9: 55422.366 | I9: 21174.269 | J9: 2962.4284 | K9: =G9-SUM(H9:J9) -> 180.20866
A10: =DATE(YEAR(A9)+1,MONTH(A9),1) -> 42005 | B10: 72907.063 | C10: 110.2249 | D10: 38911.692 | E10: 18240.265 | F10: =B10-SUM(C10:E10) -> 15644.88 | G10: 32456.706 | H10: 19447.226 | I10: 10671.801 | J10: 2158.8945 | K10: =G10-SUM(H10:J10) -> 178.78423
A11: =DATE(YEAR(A10)+1,MONTH(A10),1) -> 42370 | B11: 65259.332 | C11: 75.624359 | D11: 37120.569 | E11: 14159.229 | F11: =B11-SUM(C11:E11) -> 13903.909 | G11: 27700.98 | H11: 16308.801 | I11: 9393.3453 | J11: 1810.9988 | K11: =G11-SUM(H11:J11) -> 187.83492
A12: =DATE(YEAR(A11)+1,MONTH(A11),1) -> 42736 | B12: 66699.541 | C12: 109.08743 | D12: 43575.877 | E12: 9122.8938 | F12: =B12-SUM(C12:E12) -> 13891.683 | G12: 30269.083 | H12: 20752.29 | I12: 8044.522 | J12: 1310.4059 | K12: =G12-SUM(H12:J12) -> 161.86471
A13: =DATE(YEAR(A12)+1,MONTH(A12),1) -> 43101 | B13: 70126.636 | C13: 151.48684 | D13: 47692.359 | E13: 7515.9303 | F13: =B13-SUM(C13:E13) -> 14766.86 | G13: 36038.205 | H13: 26191.296 | I13: 8494.464 | J13: 1192.8899 | K13: =G13-SUM(H13:J13) -> 159.55463
A14: =DATE(YEAR(A13)+1,MONTH(A13),1) -> 43466 | B14: 69530.068 | C14: 99.659189 | D14: 42874.267 | E14: 8969.0948 | F14: =B14-SUM(C14:E14) -> 17587.048 | G14: 32742.207 | H14: 22807.652 | I14: 8544.4652 | J14: 1200.4593 | K14: =G14-SUM(H14:J14) -> 189.62974
A15: =DATE(YEAR(A14)+1,MONTH(A14),1) -> 43831 | B15: 56090.726 | C15: 95.871923 | D15: 32356.976 | E15: 7298.1599 | F15: =B15-SUM(C15:E15) -> 16339.719 | G15: 28285.839 | H15: 19228.976 | I15: 7615.0358 | J15: 1267.6406 | K15: =G15-SUM(H15:J15) -> 174.18617
A16: =DATE(YEAR(A15)+1,MONTH(A15),1) -> 44197 | B16: 74268.5 | C16: 165.3331 | D16: 45637.045 | E16: 8294.7462 | F16: =B16-SUM(C16:E16) -> 20171.376 | G16: 40695.625 | H16: 27307.019 | I16: 11897.346 | J16: 1320.9656 | K16: =G16-SUM(H16:J16) -> 170.29438
A17: =DATE(YEAR(A16)+1,MONTH(A16),1) -> 44562 | B17: 90093.463 | C17: 200.69039 | D17: 58800.574 | E17: 8541.8493 | F17: =B17-SUM(C17:E17) -> 22550.35 | G17: 52180.003 | H17: 36431.524 | I17: 14032.11 | J17: 1519.781 | K17: =G17-SUM(H17:J17) -> 196.58733
A18: =DATE(YEAR(A17)+1,MONTH(A17),1) -> 44927 | B18: 87364.507 | C18: 118.56154 | D18: 51059.605 | E18: 9422.5196 | F18: =B18-SUM(C18:E18) -> 26763.821 | G18: 45050.223 | H18: 29753.762 | I18: 13383.549 | J18: 1767.9051 | K18: =G18-SUM(H18:J18) -> 145.00635
A19: =DATE(YEAR(A18)+1,MONTH(A18),1) -> 45292 | B19: 88131.192 | C19: 111.47971 | D19: 52442.001 | E19: 8586.8111 | F19: =B19-SUM(C19:E19) -> 26990.9 | G19: 47146.853 | H19: 31666.331 | I19: 13511.626 | J19: 1737.315 | K19: =G19-SUM(H19:J19) -> 231.58141
A20: =DATE(YEAR(A19)+1,MONTH(A19),1) -> 45658 | B20: 86834.045 | C20: 189.21027 | D20: 50182.686 | E20: 11809.017 | F20: =B20-SUM(C20:E20) -> 24653.132 | G20: 48126.662 | H20: 32860.888 | I20: 13145.273 | J20: 1942.9306 | K20: =G20-SUM(H20:J20) -> 177.5708
A22: =DATE(YEAR(표지!O1)-2,MONTH(표지!O1)-1,1) -> 45352 | B22: 7553.7259 | C22: 7.15401 | D22: 4631.8274 | E22: 616.62057 | F22: =B22-SUM(C22:E22) -> 2298.1239 | G22: 3676.0078 | H22: 2221.424 | I22: 1293.5969 | J22: 148.70081 | K22: =G22-SUM(H22:J22) -> 12.286016
A23: =DATE(YEAR(A22),MONTH(A22)+1,1) -> 45383 | B23: 7485.3397 | C23: 5.749772 | D23: 4263.5338 | E23: 558.85276 | F23: =B23-SUM(C23:E23) -> 2657.2033 | G23: 4123.4663 | H23: 2798.299 | I23: 1142.5562 | J23: 158.94248 | K23: =G23-SUM(H23:J23) -> 23.668611
A24: =DATE(YEAR(A23),MONTH(A23)+1,1) -> 45413 | B24: 8096.7152 | C24: 11.356075 | D24: 4561.0057 | E24: 1063.3613 | F24: =B24-SUM(C24:E24) -> 2460.992 | G24: 4609.9072 | H24: 3258.0059 | I24: 1182.498 | J24: 148.84124 | K24: =G24-SUM(H24:J24) -> 20.562032
A25: =DATE(YEAR(A24),MONTH(A24)+1,1) -> 45444 | B25: 6732.9409 | C25: 9.509826 | D25: 3907.6618 | E25: 469.8919 | F25: =B25-SUM(C25:E25) -> 2345.8774 | G25: 3508.0175 | H25: 2316.359 | I25: 1025.9181 | J25: 144.90362 | K25: =G25-SUM(H25:J25) -> 20.836716
A26: =DATE(YEAR(A25),MONTH(A25)+1,1) -> 45474 | B26: 7188.3264 | C26: 15.732858 | D26: 4474.4666 | E26: 651.08304 | F26: =B26-SUM(C26:E26) -> 2047.0438 | G26: 4207.1008 | H26: 2997.3681 | I26: 1057.6779 | J26: 126.46208 | K26: =G26-SUM(H26:J26) -> 25.592694
A27: =DATE(YEAR(A26),MONTH(A26)+1,1) -> 45505 | B27: 7357.8048 | C27: 8.432172 | D27: 4807.7335 | E27: 562.17422 | F27: =B27-SUM(C27:E27) -> 1979.4649 | G27: 4379.5846 | H27: 3029.2905 | I27: 1188.006 | J27: 151.03999 | K27: =G27-SUM(H27:J27) -> 11.248087
A28: =DATE(YEAR(A27),MONTH(A27)+1,1) -> 45536 | B28: 7261.3326 | C28: 7.409117 | D28: 4410.5917 | E28: 704.71853 | F28: =B28-SUM(C28:E28) -> 2138.6133 | G28: 3993.5949 | H28: 2739.9895 | I28: 1067.0192 | J28: 170.28548 | K28: =G28-SUM(H28:J28) -> 16.300634
A29: =DATE(YEAR(A28),MONTH(A28)+1,1) -> 45566 | B29: 6861.2551 | C29: 10.226777 | D29: 4111.2873 | E29: 430.23985 | F29: =B29-SUM(C29:E29) -> 2309.5011 | G29: 3680.399 | H29: 2429.1617 | I29: 1090.0028 | J29: 136.33427 | K29: =G29-SUM(H29:J29) -> 24.900297
A30: =DATE(YEAR(A29),MONTH(A29)+1,1) -> 45597 | B30: 6767.9192 | C30: 7.579979 | D30: 3977.4076 | E30: 644.88026 | F30: =B30-SUM(C30:E30) -> 2138.0513 | G30: 3333.7636 | H30: 2169.7792 | I30: 1006.8686 | J30: 130.71438 | K30: =G30-SUM(H30:J30) -> 26.401387
A31: =DATE(YEAR(A30),MONTH(A30)+1,1) -> 45627 | B31: 7897.8662 | C31: 17.293237 | D31: 4409.8658 | E31: 1317.5436 | F31: =B31-SUM(C31:E31) -> 2153.1635 | G31: 3806.3594 | H31: 2380.9939 | I31: 1247.3093 | J31: 159.45841 | K31: =G31-SUM(H31:J31) -> 18.597753
A33: =DATE(YEAR(A31),MONTH(A31)+1,1) -> 45658 | B33: 6432.6509 | C33: 9.12832 | D33: 3827.6405 | E33: 717.2841 | F33: =B33-SUM(C33:E33) -> 1878.598 | G33: 4396.0307 | H33: 3150.6795 | I33: 1116.363 | J33: 117.64901 | K33: =G33-SUM(H33:J33) -> 11.339124
A34: =DATE(YEAR(A33),MONTH(A33)+1,1) -> 45689 | B34: 6841.7831 | C34: 9.343638 | D34: 4063.2352 | E34: 731.18998 | F34: =B34-SUM(C34:E34) -> 2038.0143 | G34: 3570.8283 | H34: 2355.276 | I34: 1033.9422 | J34: 161.39352 | K34: =G34-SUM(H34:J34) -> 20.2166
A35: =DATE(YEAR(A34),MONTH(A34)+1,1) -> 45717 | B35: 7874.1676 | C35: 11.007257 | D35: 4078.884 | E35: 1419.6799 | F35: =B35-SUM(C35:E35) -> 2364.5964 | G35: 3914.8236 | H35: 2724.7391 | I35: 1044.5984 | J35: 134.31088 | K35: =G35-SUM(H35:J35) -> 11.17524
A36: =DATE(YEAR(A35),MONTH(A35)+1,1) -> 45748 | B36: 7217.1268 | C36: 13.164599 | D36: 4219.5458 | E36: 886.3251 | F36: =B36-SUM(C36:E36) -> 2098.0912 | G36: 3928.6832 | H36: 2546.7157 | I36: 1229.9995 | J36: 140.40946 | K36: =G36-SUM(H36:J36) -> 11.558498
A37: =DATE(YEAR(A36),MONTH(A36)+1,1) -> 45778 | B37: 6855.2682 | C37: 13.645349 | D37: 3908.8375 | E37: 1017.2258 | F37: =B37-SUM(C37:E37) -> 1915.5595 | G37: 3947.5094 | H37: 2701.2802 | I37: 1066.4569 | J37: 165.37383 | K37: =G37-SUM(H37:J37) -> 14.398561
A38: =DATE(YEAR(A37),MONTH(A37)+1,1) -> 45809 | B38: 7628.4629 | C38: 21.001808 | D38: 4240.8177 | E38: 1170.9166 | F38: =B38-SUM(C38:E38) -> 2195.7268 | G38: 4058.638 | H38: 2743.4679 | I38: 1107.8296 | J38: 185.17059 | K38: =G38-SUM(H38:J38) -> 22.169912
A39: =DATE(YEAR(A38),MONTH(A38)+1,1) -> 45839 | B39: 7717.3321 | C39: 16.746104 | D39: 4651.2714 | E39: 1133.4727 | F39: =B39-SUM(C39:E39) -> 1915.842 | G39: 4125.8401 | H39: 2784.8707 | I39: 1147.7419 | J39: 180.56791 | K39: =G39-SUM(H39:J39) -> 12.659634
A40: =DATE(YEAR(A39),MONTH(A39)+1,1) -> 45870 | B40: 7722.3861 | C40: 17.97953 | D40: 4450.6178 | E40: 1286.8519 | F40: =B40-SUM(C40:E40) -> 1966.9369 | G40: 3788.6598 | H40: 2582.1415 | I40: 1024.0262 | J40: 170.01113 | K40: =G40-SUM(H40:J40) -> 12.480968
A41: =DATE(YEAR(A40),MONTH(A40)+1,1) -> 45901 | B41: 8160.9744 | C41: 14.673972 | D41: 4672.0483 | E41: 1124.7349 | F41: =B41-SUM(C41:E41) -> 2349.5173 | G41: 4359.4954 | H41: 2951.8873 | I41: 1195.8529 | J41: 188.61028 | K41: =G41-SUM(H41:J41) -> 23.145018
A42: =DATE(YEAR(A41),MONTH(A41)+1,1) -> 45931 | B42: 6304.961 | C42: 19.786507 | D42: 3911.6421 | E42: 550.32693 | F42: =B42-SUM(C42:E42) -> 1823.2054 | G42: 4285.3162 | H42: 3209.0835 | I42: 908.76112 | J42: 155.2249 | K42: =G42-SUM(H42:J42) -> 12.246675
A43: =DATE(YEAR(A42),MONTH(A42)+1,1) -> 45962 | B43: 6375.5704 | C43: 19.886448 | D43: 3752.4904 | E43: 468.46955 | F43: =B43-SUM(C43:E43) -> 2134.724 | G43: 3645.2748 | H43: 2419.5826 | I43: 1048.9007 | J43: 163.06841 | K43: =G43-SUM(H43:J43) -> 13.723054
A44: =DATE(YEAR(A43),MONTH(A43)+1,1) -> 45992 | B44: 7703.3611 | C44: 22.846735 | D44: 4405.6553 | E44: 1302.5392 | F44: =B44-SUM(C44:E44) -> 1972.3198 | G44: 4105.5627 | H44: 2691.1639 | I44: 1220.8006 | J44: 181.14071 | K44: =G44-SUM(H44:J44) -> 12.45752
A46: =DATE(YEAR(A44),MONTH(A44)+1,1) -> 46023 | B46: 7795.8532 | C46: 36.827049 | D46: 4335.0399 | E46: 1248.0479 | F46: =B46-SUM(C46:E46) -> 2175.9383 | G46: 4699.001 | H46: 3266.5534 | I46: 1266.748 | J46: 150.78425 | K46: =G46-SUM(H46:J46) -> 14.915259
A47: =DATE(YEAR(A46),MONTH(A46)+1,1) -> 46054 | B47: 6214.7223 | C47: 19.023733 | D47: 4251.9817 | E47: 372.59661 | F47: =B47-SUM(C47:E47) -> 1571.1203 | G47: 3801.6494 | H47: 2408.4787 | I47: 1125.6248 | J47: 251.32923 | K47: =G47-SUM(H47:J47) -> 16.216606
A48: =DATE(YEAR(A47),MONTH(A47)+1,1) -> 46082 | B48: 8768.4072 | C48: 30.692852 | D48: 5184.203 | E48: 1421.2236 | F48: =B48-SUM(C48:E48) -> 2132.2876 | G48: 4195.679 | H48: 2688.6651 | I48: 1361.9114 | J48: 134.92792 | K48: =G48-SUM(H48:J48) -> 10.174661
A50: 주: 1) 기타(군경용 제품 등) 포함
A51: 자료 : 한국무역통계진흥원

Sheet 2.5.취업자수 및 실업률
A1: 5. 취업자수 및 실업률
A2: (울산광역시) | H2: (천명, %)
A3: 연월중 | B3: 15세이상인구 | F3: 경제활동참가율
C4: 경제활동인구 | G4: 고용률 | H4: 실업률
D5: 취업자 | E5: 실업자
A7: 40909 | B7: 919.88333 | C7: 564.30833 | D7: 549.7 | E7: 14.633333 | F7: 61.341667 | G7: 59.758333 | H7: 2.5833333
A8: =DATE(YEAR(A7)+1,MONTH(A7),1) -> 41275 | B8: 937.55 | C8: 565.65833 | D8: 553.55833 | E8: 12.1 | F8: 60.341667 | G8: 59.041667 | H8: 2.1333333
A9: =DATE(YEAR(A8)+1,MONTH(A8),1) -> 41640 | B9: 954.94167 | C9: 571.90833 | D9: 556.3 | E9: 15.6 | F9: 59.883333 | G9: 58.266667 | H9: 2.725
A10: =DATE(YEAR(A9)+1,MONTH(A9),1) -> 42005 | B10: 969.96667 | C10: 589.6 | D10: 572.55833 | E10: 17.066667 | F10: 60.791667 | G10: 59.033333 | H10: 2.9
A11: =DATE(YEAR(A10)+1,MONTH(A10),1) -> 42370 | B11: 976.15833 | C11: 598.45 | D11: 575.625 | E11: 22.825 | F11: 61.308333 | G11: 58.975 | H11: 3.8083333
A12: =DATE(YEAR(A11)+1,MONTH(A11),1) -> 42736 | B12: 976.4 | C12: 604.74167 | D12: 583.48333 | E12: 21.241667 | F12: 61.941667 | G12: 59.75 | H12: 3.5
A13: =DATE(YEAR(A12)+1,MONTH(A12),1) -> 43101 | B13: 972.70833 | C13: 601.61667 | D13: 574.06667 | E13: 27.55 | F13: 61.841667 | G13: 59.025 | H13: 4.5833333
A14: =DATE(YEAR(A13)+1,MONTH(A13),1) -> 43466 | B14: 966.53333 | C14: 596.175 | D14: 571.275 | E14: 24.925 | F14: 61.683333 | G14: 59.116667 | H14: 4.1916667
A15: =DATE(YEAR(A14)+1,MONTH(A14),1) -> 43831 | B15: 964.4 | C15: 585.10833 | D15: 560.28333 | E15: 24.808333 | F15: 60.675 | G15: 58.091667 | H15: 4.2333333
A16: =DATE(YEAR(A15)+1,MONTH(A15),1) -> 44197 | B16: 961.475 | C16: 575.25833 | D16: 554.725 | E16: 20.558333 | F16: 59.833333 | G16: 57.691667 | H16: 3.575
A17: =DATE(YEAR(A16)+1,MONTH(A16),1) -> 44562 | B17: 956.16667 | C17: 584.44167 | D17: 565.69167 | E17: 18.733333 | F17: 61.116667 | G17: 59.15 | H17: 3.2166667
A18: =DATE(YEAR(A17)+1,MONTH(A17),1) -> 44927 | B18: 956.46667 | C18: 591.80833 | D18: 571.46667 | E18: 20.333333 | F18: 61.883333 | G18: 59.766667 | H18: 3.425
A19: =DATE(YEAR(A18)+1,MONTH(A18),1) -> 45292 | B19: 956.475 | C19: 594.225 | D19: 572.20833 | E19: 22 | F19: 62.133333 | G19: 59.825 | H19: 3.7
A20: =DATE(YEAR(A19)+1,MONTH(A19),1) -> 45658 | B20: 960.75 | C20: 588.60833 | D20: 574.96667 | E20: 13.633333 | F20: 61.266667 | G20: 59.833333 | H20: 2.3333333
A22: =DATE(YEAR(표지!O1)-2,MONTH(표지!O1)-1,1) -> 45352 | B22: 956.1 | C22: 586.6 | D22: 561.4 | E22: 25.2 | F22: 61.4 | G22: 58.7 | H22: 4.3
A23: =DATE(YEAR(A22),MONTH(A22)+1,1) -> 45383 | B23: 956.1 | C23: 592.8 | D23: 570.7 | E23: 22.1 | F23: 62 | G23: 59.7 | H23: 3.7
A24: =DATE(YEAR(A23),MONTH(A23)+1,1) -> 45413 | B24: 956 | C24: 607.9 | D24: 584.8 | E24: 23.1 | F24: 63.6 | G24: 61.2 | H24: 3.8
A25: =DATE(YEAR(A24),MONTH(A24)+1,1) -> 45444 | B25: 956 | C25: 598.9 | D25: 577.4 | E25: 21.5 | F25: 62.6 | G25: 60.4 | H25: 3.6
A26: =DATE(YEAR(A25),MONTH(A25)+1,1) -> 45474 | B26: 956.6 | C26: 597.6 | D26: 574.2 | E26: 23.3 | F26: 62.5 | G26: 60 | H26: 3.9
A27: =DATE(YEAR(A26),MONTH(A26)+1,1) -> 45505 | B27: 956.4 | C27: 590.3 | D27: 573.7 | E27: 16.6 | F27: 61.7 | G27: 60 | H27: 2.8
A28: =DATE(YEAR(A27),MONTH(A27)+1,1) -> 45536 | B28: 956.6 | C28: 600.5 | D28: 578.9 | E28: 21.6 | F28: 62.8 | G28: 60.5 | H28: 3.6
A29: =DATE(YEAR(A28),MONTH(A28)+1,1) -> 45566 | B29: 956.9 | C29: 598 | D29: 579.9 | E29: 18.1 | F29: 62.5 | G29: 60.6 | H29: 3
A30: =DATE(YEAR(A29),MONTH(A29)+1,1) -> 45597 | B30: 957.2 | C30: 594.3 | D30: 578.7 | E30: 15.5 | F30: 62.1 | G30: 60.5 | H30: 2.6
A31: =DATE(YEAR(A30),MONTH(A30)+1,1) -> 45627 | B31: 957.6 | C31: 592.7 | D31: 567.2 | E31: 25.5 | F31: 61.9 | G31: 59.2 | H31: 4.3
A33: =DATE(YEAR(A31),MONTH(A31)+1,1) -> 45658 | B33: 958.4 | C33: 582 | D33: 564.3 | E33: 17.8 | F33: 60.7 | G33: 58.9 | H33: 3.1
A34: =DATE(YEAR(A33),MONTH(A33)+1,1) -> 45689 | B34: 959.1 | C34: 587.1 | D34: 573.8 | E34: 13.2 | F34: 61.2 | G34: 59.8 | H34: 2.2
A35: =DATE(YEAR(A34),MONTH(A34)+1,1) -> 45717 | B35: 959.7 | C35: 583.4 | D35: 569.5 | E35: 13.9 | F35: 60.8 | G35: 59.3 | H35: 2.4
A36: =DATE(YEAR(A35),MONTH(A35)+1,1) -> 45748 | B36: 960.2 | C36: 595.2 | D36: 581 | E36: 14.1 | F36: 62 | G36: 60.5 | H36: 2.4
A37: =DATE(YEAR(A36),MONTH(A36)+1,1) -> 45778 | B37: 960.8 | C37: 596 | D37: 580.8 | E37: 15.3 | F37: 62 | G37: 60.4 | H37: 2.6
A38: =DATE(YEAR(A37),MONTH(A37)+1,1) -> 45809 | B38: 961.3 | C38: 598.1 | D38: 585.7 | E38: 12.3 | F38: 62.2 | G38: 60.9 | H38: 2.1
A39: =DATE(YEAR(A38),MONTH(A38)+1,1) -> 45839 | B39: 961.3 | C39: 595.7 | D39: 584.7 | E39: 11 | F39: 62 | G39: 60.8 | H39: 1.8
A40: =DATE(YEAR(A39),MONTH(A39)+1,1) -> 45870 | B40: 961.4 | C40: 583.5 | D40: 574.9 | E40: 8.6 | F40: 60.7 | G40: 59.8 | H40: 1.5
A41: =DATE(YEAR(A40),MONTH(A40)+1,1) -> 45901 | B41: 961.4 | C41: 587.4 | D41: 577.6 | E41: 9.8 | F41: 61.1 | G41: 60.1 | H41: 1.7
A42: =DATE(YEAR(A41),MONTH(A41)+1,1) -> 45931 | B42: 961.6 | C42: 583.6 | D42: 572 | E42: 11.6 | F42: 60.7 | G42: 59.5 | H42: 2
A43: =DATE(YEAR(A42),MONTH(A42)+1,1) -> 45962 | B43: 961.8 | C43: 585.9 | D43: 577.9 | E43: 8 | F43: 60.9 | G43: 60.1 | H43: 1.4
A44: =DATE(YEAR(A43),MONTH(A43)+1,1) -> 45992 | B44: 962 | C44: 585.4 | D44: 557.4 | E44: 28 | F44: 60.9 | G44: 57.9 | H44: 4.8
A46: =DATE(YEAR(A44),MONTH(A44)+1,1) -> 46023 | B46: 962.7 | C46: 586.4 | D46: 564.7 | E46: 21.7 | F46: 60.9 | G46: 58.7 | H46: 3.7
A47: =DATE(YEAR(A46),MONTH(A46)+1,1) -> 46054 | B47: 963.2 | C47: 594 | D47: 576.4 | E47: 17.6 | F47: 61.7 | G47: 59.8 | H47: 3
A48: =DATE(YEAR(A47),MONTH(A47)+1,1) -> 46082 | B48: 963.4 | C48: 599.5 | D48: 581.4 | E48: 18.1 | F48: 62.2 | G48: 60.3 | H48: 3
A50: 자료 : 국가데이터처

Sheet 2.6.물가
A1: 6. 소비자물가, 주택 및 토지가격지수
A2: (울산광역시)
A3: 연월중 | B3: 소비자물가지수1) | C3: 생활물가지수1) | D3: 주택매매가격지수2) | F3: 주택전세가격지수2) | H3: 지가지수3)
E4: 아파트 | G4: 아파트
A6: 40909 | B6: 93.272167 | C6: 95.098667 | D6: 97.131857 | E6: 98.681717 | F6: 95.086245 | G6: 92.50155 | H6: 79.248683
A7: =DATE(YEAR(A6)+1,MONTH(A6),1) -> 41275 | B7: 94.6875 | C7: 96.138417 | D7: 97.4102 | E7: 98.914003 | F7: 97.049685 | G7: 94.934205 | H7: 80.546806
A8: =DATE(YEAR(A7)+1,MONTH(A7),1) -> 41640 | B8: 95.812083 | C8: 96.916 | D8: 99.243547 | E8: 101.15162 | F8: 98.694007 | G8: 97.026934 | H8: 81.787024
A9: =DATE(YEAR(A8)+1,MONTH(A8),1) -> 42005 | B9: 96.250833 | C9: 96.258833 | D9: 102.41082 | E9: 105.07174 | F9: 100.69777 | G9: 99.337418 | H9: 83.477079
A10: =DATE(YEAR(A9)+1,MONTH(A9),1) -> 42370 | B10: 97.204667 | C10: 96.833 | D10: 104.50453 | E10: 107.88601 | F10: 102.2544 | G10: 101.26889 | H10: 85.639185
A11: =DATE(YEAR(A10)+1,MONTH(A10),1) -> 42736 | B11: 99.00625 | C11: 99.30925 | D11: 104.00861 | E11: 106.80906 | F11: 101.8043 | G11: 100.73972 | H11: 88.0441
A12: =DATE(YEAR(A11)+1,MONTH(A11),1) -> 43101 | B12: 100.0255 | C12: 100.53667 | D12: 100.17769 | E12: 100.46916 | F12: 96.856617 | G12: 94.286575 | H12: 91.105881
A13: =DATE(YEAR(A12)+1,MONTH(A12),1) -> 43466 | B13: 99.704833 | C13: 99.7915 | D13: 93.820351 | E13: 91.685891 | F13: 88.892113 | G13: 84.409693 | H13: 92.35651
A14: =DATE(YEAR(A13)+1,MONTH(A13),1) -> 43831 | B14: 99.998333 | C14: 99.999167 | D14: 95.837887 | E14: 94.592743 | F14: 91.946882 | G14: 89.033466 | H14: 93.019476
A15: =DATE(YEAR(A14)+1,MONTH(A14),1) -> 44197 | B15: 102.49083 | C15: 103.27667 | D15: 105.46495 | E15: 107.49359 | F15: 104.83256 | G15: 106.62167 | H15: 95.004217
A16: =DATE(YEAR(A15)+1,MONTH(A15),1) -> 44562 | B16: 107.57167 | C16: 109.42417 | D16: 107.77315 | E16: 109.77174 | F16: 109.09143 | G16: 111.63066 | H16: 97.399908
A17: =DATE(YEAR(A16)+1,MONTH(A16),1) -> 44927 | B17: 111.425 | C17: 113.60417 | D17: 98.640522 | E17: 98.221951 | F17: 96.823254 | G17: 95.793379 | H17: 97.940026
A18: =DATE(YEAR(A17)+1,MONTH(A17),1) -> 45292 | B18: 113.9725 | C18: 116.5125 | D18: 98.018059 | E18: 97.498223 | F18: 96.147265 | G18: 95.033948 | H18: 98.627527
A19: =DATE(YEAR(A18)+1,MONTH(A18),1) -> 45658 | B19: 116.36833 | C19: 119.20333 | D19: 98.348172 | E19: 97.893558 | F19: 97.923037 | G19: 97.36629 | H19: 99.528882
A21: =DATE(YEAR(표지!O1)-2,MONTH(표지!O1)-1,1) -> 45352 | B21: 113.87 | C21: 116.47 | D21: 98.059907 | E21: 97.554236 | F21: 95.77161 | G21: 94.533842 | H21: 98.304353
A22: =DATE(YEAR(A21),MONTH(A21)+1,1) -> 45383 | B22: 113.95 | C22: 116.51 | D22: 98.021896 | E22: 97.511112 | F22: 95.864017 | G22: 94.648264 | H22: 98.406537
A23: =DATE(YEAR(A22),MONTH(A22)+1,1) -> 45413 | B23: 113.81 | C23: 116.24 | D23: 97.953793 | E23: 97.421579 | F23: 95.991924 | G23: 94.820659 | H23: 98.501446
A24: =DATE(YEAR(A23),MONTH(A23)+1,1) -> 45444 | B24: 113.51 | C24: 115.93 | D24: 97.94068 | E24: 97.399409 | F24: 96.103527 | G24: 94.973197 | H24: 98.605624
A25: =DATE(YEAR(A24),MONTH(A24)+1,1) -> 45474 | B25: 113.91 | C25: 116.23 | D25: 97.933343 | E25: 97.382263 | F25: 96.18333 | G25: 95.081524 | H25: 98.703665
A26: =DATE(YEAR(A25),MONTH(A25)+1,1) -> 45505 | B26: 114.25 | C26: 116.69 | D26: 97.944164 | E26: 97.394959 | F26: 96.302606 | G26: 95.230975 | H26: 98.794613
A27: =DATE(YEAR(A26),MONTH(A26)+1,1) -> 45536 | B27: 114.41 | C27: 117.26 | D27: 97.983597 | E27: 97.450936 | F27: 96.397104 | G27: 95.35976 | H27: 98.869498
A28: =DATE(YEAR(A27),MONTH(A27)+1,1) -> 45566 | B28: 114.49 | C28: 117.42 | D28: 98.011196 | E28: 97.48514 | F28: 96.512972 | G28: 95.522481 | H28: 98.933499
A29: =DATE(YEAR(A28),MONTH(A28)+1,1) -> 45597 | B29: 114.18 | C29: 116.89 | D29: 98.043022 | E29: 97.523393 | F29: 96.638388 | G29: 95.685882 | H29: 98.987679
A30: =DATE(YEAR(A29),MONTH(A29)+1,1) -> 45627 | B30: 114.56 | C30: 116.97 | D30: 98.017433 | E30: 97.490302 | F30: 96.764127 | G30: 95.867409 | H30: 99.049662
A32: =DATE(YEAR(A30),MONTH(A30)+1,1) -> 45658 | B32: 115.43 | C32: 118.26 | D32: 98.003562 | E32: 97.472598 | F32: 96.893664 | G32: 96.036818 | H32: 99.109716
A33: =DATE(YEAR(A32),MONTH(A32)+1,1) -> 45689 | B33: 115.82 | C33: 118.86 | D33: 98.02773 | E33: 97.499103 | F33: 97.016674 | G33: 96.208802 | H33: 99.177537
A34: =DATE(YEAR(A33),MONTH(A33)+1,1) -> 45717 | B34: 115.94 | C34: 119.01 | D34: 98.068921 | E34: 97.551225 | F34: 97.224021 | G34: 96.485027 | H34: 99.251635
A35: =DATE(YEAR(A34),MONTH(A34)+1,1) -> 45748 | B35: 116 | C35: 118.97 | D35: 98.083917 | E35: 97.566551 | F35: 97.387977 | G35: 96.691527 | H35: 99.338153
A36: =DATE(YEAR(A35),MONTH(A35)+1,1) -> 45778 | B36: 115.89 | C36: 118.74 | D36: 98.084758 | E36: 97.561751 | F36: 97.550651 | G36: 96.904274 | H36: 99.416635
A37: =DATE(YEAR(A36),MONTH(A36)+1,1) -> 45809 | B37: 115.89 | C37: 118.72 | D37: 98.083398 | E37: 97.559329 | F37: 97.724952 | G37: 97.123873 | H37: 99.502612
A38: =DATE(YEAR(A37),MONTH(A37)+1,1) -> 45839 | B38: 116.33 | C38: 119 | D38: 98.117053 | E38: 97.596156 | F38: 97.915835 | G38: 97.365438 | H38: 99.578977
A39: =DATE(YEAR(A38),MONTH(A38)+1,1) -> 45870 | B39: 116.38 | C39: 118.6 | D39: 98.207377 | E39: 97.704558 | F39: 98.107949 | G39: 97.60583 | H39: 99.656193
A40: =DATE(YEAR(A39),MONTH(A39)+1,1) -> 45901 | B40: 117.03 | C40: 120.14 | D40: 98.348562 | E40: 97.885641 | F40: 98.311765 | G40: 97.857596 | H40: 99.728434
A41: =DATE(YEAR(A40),MONTH(A40)+1,1) -> 45931 | B41: 117.31 | C41: 120.05 | D41: 98.625528 | E41: 98.231641 | F41: 98.576587 | G41: 98.191549 | H41: 99.795873
A42: =DATE(YEAR(A41),MONTH(A41)+1,1) -> 45962 | B42: 116.98 | C42: 119.9 | D42: 98.990023 | E42: 98.696529 | F42: 98.922547 | G42: 98.631488 | H42: 99.859991
A43: =DATE(YEAR(A42),MONTH(A42)+1,1) -> 45992 | B43: 117.42 | C43: 120.19 | D43: 99.537232 | E43: 99.397621 | F43: 99.443821 | G43: 99.293263 | H43: 99.930828
A45: =DATE(YEAR(A43),MONTH(A43)+1,1) -> 46023 | B45: 118.02 | C45: 120.99 | D45: 100 | E45: 100 | F45: 100 | G45: 100 | H45: 100
A46: =DATE(YEAR(A45),MONTH(A45)+1,1) -> 46054 | B46: 118.27 | C46: 121.21 | D46: 100.3761 | E46: 100.46712 | F46: 100.38821 | G46: 100.48568 | H46: 100.07434
A47: =DATE(YEAR(A46),MONTH(A46)+1,1) -> 46082 | B47: 118.81 | C47: 122.16 | D47: 100.74185 | E47: 100.93206 | F47: 100.87507 | G47: 101.12027 | H47: 100.14915
A49: 주 : 1) 2020 = 100, 2) 2025.3 = 100, 기말기준 3) 2023.12 =100, 기말기준
A50: 자료 : 국가데이터처(소비자물가지수, 생활물가지수), 한국부동산원(주택매매가격지수, 주택전세가격지수, 지가지수)

Sheet 2.7.기업경기지수
A1: 7. 기업경기지수1)2) | O1: 7. 기업경기지수1)2)
A2: (울산광역시) | O2: (울산광역시)
A3: 연월중 | B3: 제조업 | O3: 연월중 | P3: 비제조업
B4: 기업심리지수 | D4: 업황 | F4: 생산 | H4: 신규수주 | J4: 제품재고 | L4: 자금사정 | P4: 기업심리지수 | R4: 업황 | T4: 매출 | V4: 채산성 | X4: 자금사정 | Z4: 인력사정
B5: 실적 | C5: 전망 | D5: 실적 | E5: 전망 | F5: 실적 | G5: 전망 | H5: 실적 | I5: 전망 | J5: 실적 | K5: 전망 | L5: 실적 | M5: 전망 | P5: 실적 | Q5: 전망 | R5: 실적 | S5: 전망 | T5: 실적 | U5: 전망 | V5: 실적 | W5: 전망 | X5: 실적 | Y5: 전망 | Z5: 실적 | AA5: 전망
A7: 41244 | B7: - | C7: - | D7: 76 | E7: 68 | F7: 83 | G7: 88 | H7: 82 | I7: 84 | J7: 105 | K7: 100 | L7: 85 | M7: 90 | O7: =A7 -> 41244 | P7: - | Q7: - | R7: 73 | S7: 73 | T7: 70 | U7: 80 | V7: 78 | W7: 78 | X7: 80 | Y7: 84 | Z7: 95 | AA7: 96
A8: =DATE(YEAR(A7)+1,MONTH(A7),1) -> 41609 | B8: 100.2 | C8: 100.4 | D8: 78 | E8: 80 | F8: 91 | G8: 96 | H8: 83 | I8: 87 | J8: 106 | K8: 102 | L8: 90 | M8: 82 | O8: =A8 -> 41609 | P8: 107.2 | Q8: 103.8 | R8: 75 | S8: 71 | T8: 80 | U8: 79 | V8: 82 | W8: 81 | X8: 81 | Y8: 81 | Z8: 86 | AA8: 79
A9: =DATE(YEAR(A8)+1,MONTH(A8),1) -> 41974 | B9: 95 | C9: 93.6 | D9: 72 | E9: 68 | F9: 84 | G9: 78 | H9: 83 | I9: 82 | J9: 109 | K9: 101 | L9: 81 | M9: 75 | O9: =A9 -> 41974 | P9: 98.1 | Q9: 101.8 | R9: 64 | S9: 65 | T9: 67 | U9: 75 | V9: 76 | W9: 79 | X9: 71 | Y9: 81 | Z9: 86 | AA9: 84
A10: =DATE(YEAR(A9)+1,MONTH(A9),1) -> 42339 | B10: 90.6 | C10: 94.3 | D10: 68 | E10: 71 | F10: 74 | G10: 86 | H10: 73 | I10: 85 | J10: 108 | K10: 107 | L10: 79 | M10: 79 | O10: =A10 -> 42339 | P10: 97.5 | Q10: 97.2 | R10: 61 | S10: 58 | T10: 69 | U10: 65 | V10: 71 | W10: 75 | X10: 75 | Y10: 80 | Z10: 82 | AA10: 82
A11: =DATE(YEAR(A10)+1,MONTH(A10),1) -> 42705 | B11: 102.7 | C11: 93.3 | D11: 70 | E11: 59 | F11: 85 | G11: 82 | H11: 84 | I11: 74 | J11: 87 | K11: 95 | L11: 77 | M11: 72 | O11: =A11 -> 42705 | P11: 95.9 | Q11: 84.9 | R11: 59 | S11: 53 | T11: 64 | U11: 52 | V11: 71 | W11: 61 | X11: 74 | Y11: 60 | Z11: 84 | AA11: 79
A12: =DATE(YEAR(A11)+1,MONTH(A11),1) -> 43070 | B12: 98.3 | C12: 92.2 | D12: 70 | E12: 61 | F12: 88 | G12: 78 | H12: 96 | I12: 83 | J12: 105 | K12: 103 | L12: 77 | M12: 77 | O12: =A12 -> 43070 | P12: 93 | Q12: 91.9 | R12: 61 | S12: 58 | T12: 62 | U12: 58 | V12: 67 | W12: 67 | X12: 68 | Y12: 73 | Z12: 95 | AA12: 85
A13: =DATE(YEAR(A12)+1,MONTH(A12),1) -> 43435 | B13: 95.1 | C13: 96.8 | D13: 62 | E13: 62 | F13: 87 | G13: 92 | H13: 79 | I13: 91 | J13: 100 | K13: 106 | L13: 75 | M13: 85 | O13: =A13 -> 43435 | P13: 92.1 | Q13: 85.8 | R13: 58 | S13: 49 | T13: 62 | U13: 60 | V13: 69 | W13: 58 | X13: 65 | Y13: 64 | Z13: 71 | AA13: 86
A14: =DATE(YEAR(A13)+1,MONTH(A13),1) -> 43800 | B14: 96.4 | C14: 99.5 | D14: 74 | E14: 72 | F14: 88 | G14: 97 | H14: 84 | I14: 89 | J14: 109 | K14: 101 | L14: 82 | M14: 78 | O14: =A14 -> 43800 | P14: 93.4 | Q14: 91.8 | R14: 60 | S14: 52 | T14: 59 | U14: 61 | V14: 70 | W14: 72 | X14: 69 | Y14: 70 | Z14: 75 | AA14: 77
A15: =DATE(YEAR(A14)+1,MONTH(A14),1) -> 44166 | B15: 96.8 | C15: 96.2 | D15: 67 | E15: 75 | F15: 79 | G15: 78 | H15: 75 | I15: 72 | J15: 95 | K15: 98 | L15: 79 | M15: 83 | O15: =A15 -> 44166 | P15: 89.3 | Q15: 91.3 | R15: 58 | S15: 65 | T15: 58 | U15: 58 | V15: 61 | W15: 67 | X15: 66 | Y15: 65 | Z15: 93 | AA15: 83
A16: =DATE(YEAR(A15)+1,MONTH(A15),1) -> 44531 | B16: 102.6 | C16: 102.2 | D16: 80 | E16: 84 | F16: 103 | G16: 105 | H16: 92 | I16: 99 | J16: 100 | K16: 102 | L16: 72 | M16: 69 | O16: =A16 -> 44531 | P16: 92.7 | Q16: 100.1 | R16: 63 | S16: 73 | T16: 64 | U16: 69 | V16: 69 | W16: 76 | X16: 62 | Y16: 76 | Z16: 76 | AA16: 80
A17: =DATE(YEAR(A16)+1,MONTH(A16),1) -> 44896 | B17: 88 | C17: 85.2 | D17: 66 | E17: 61 | F17: 76 | G17: 80 | H17: 77 | I17: 73 | J17: 109 | K17: 107 | L17: 67 | M17: 61 | O17: =A17 -> 44896 | P17: 98.6 | Q17: 94.8 | R17: 64 | S17: 68 | T17: 73 | U17: 71 | V17: 73 | W17: 67 | X17: 72 | Y17: 67 | Z17: 69 | AA17: 78
A18: =DATE(YEAR(A17)+1,MONTH(A17),1) -> 45261 | B18: 85.6 | C18: 90.1 | D18: 61 | E18: 61 | F18: 69 | G18: 77 | H18: 64 | I18: 80 | J18: 108 | K18: 103 | L18: 74 | M18: 71 | O18: =A18 -> 45261 | P18: 95.3 | Q18: 90 | R18: 65 | S18: 60 | T18: 66 | U18: 62 | V18: 67 | W18: 64 | X18: 70 | Y18: 64 | Z18: 69 | AA18: 67
A19: =DATE(YEAR(A18)+1,MONTH(A18),1) -> 45627 | B19: 95.8 | C19: 92.1 | D19: 68 | E19: 66 | F19: 80 | G19: 78 | H19: 80 | I19: 82 | J19: 97 | K19: 103 | L19: 73 | M19: 74 | O19: =A19 -> 45627 | P19: 97.1 | Q19: 96.2 | R19: 64 | S19: 64 | T19: 71 | U19: 70 | V19: 73 | W19: 71 | X19: 68 | Y19: 72 | Z19: 70 | AA19: 69
A20: =DATE(YEAR(A19)+1,MONTH(A19),1) -> 45992 | B20: 90.2 | C20: 83.5 | D20: 64 | E20: 64 | F20: 69 | G20: 67 | H20: 70 | I20: 65 | J20: 101 | K20: 111 | L20: 75 | M20: 75 | O20: =A20 -> 45992 | P20: 100.7 | Q20: 94.3 | R20: 69 | S20: 64 | T20: 75 | U20: 70 | V20: 74 | W20: 68 | X20: 73 | Y20: 68 | Z20: 73 | AA20: 67
A22: =DATE(YEAR(표지!O1)-2,MONTH(표지!O1)-1,1) -> 45352 | B22: 86.3 | C22: 90.5 | D22: 58 | E22: 58 | F22: 76 | G22: 70 | H22: 72 | I22: 68 | J22: 111 | K22: 98 | L22: 73 | M22: 80 | O22: =A22 -> 45352 | P22: 91.7 | Q22: 87.8 | R22: 60 | S22: 56 | T22: 65 | U22: 63 | V22: 63 | W22: 62 | X22: 66 | Y22: 60 | Z22: 71 | AA22: 71
A23: =DATE(YEAR(A22),MONTH(A22)+1,1) -> 45383 | B23: 84.9 | C23: 89.3 | D23: 56 | E23: 65 | F23: 68 | G23: 85 | H23: 67 | I23: 75 | J23: 106 | K23: 109 | L23: 70 | M23: 74 | O23: =A23 -> 45383 | P23: 89.6 | Q23: 94.1 | R23: 57 | S23: 68 | T23: 62 | U23: 67 | V23: 62 | W23: 69 | X23: 64 | Y23: 65 | Z23: 76 | AA23: 73
A24: =DATE(YEAR(A23),MONTH(A23)+1,1) -> 45413 | B24: 93.1 | C24: 89.3 | D24: 64 | E24: 62 | F24: 78 | G24: 76 | H24: 76 | I24: 68 | J24: 98 | K24: 102 | L24: 71 | M24: 75 | O24: =A24 -> 45413 | P24: 90.6 | Q24: 89 | R24: 58 | S24: 59 | T24: 69 | U24: 65 | V24: 63 | W24: 62 | X24: 61 | Y24: 61 | Z24: 75 | AA24: 76
A25: =DATE(YEAR(A24),MONTH(A24)+1,1) -> 45444 | B25: 96.1 | C25: 90.6 | D25: 66 | E25: 67 | F25: 77 | G25: 78 | H25: 76 | I25: 74 | J25: 94 | K25: 101 | L25: 76 | M25: 69 | O25: =A25 -> 45444 | P25: 106.8 | Q25: 86.7 | R25: 77 | S25: 56 | T25: 77 | U25: 67 | V25: 82 | W25: 58 | X25: 79 | Y25: 57 | Z25: 73 | AA25: 74
A26: =DATE(YEAR(A25),MONTH(A25)+1,1) -> 45474 | B26: 97.4 | C26: 95.2 | D26: 71 | E26: 64 | F26: 81 | G26: 79 | H26: 86 | I26: 80 | J26: 98 | K26: 95 | L26: 74 | M26: 74 | O26: =A26 -> 45474 | P26: 102 | Q26: 102 | R26: 72 | S26: 70 | T26: 77 | U26: 74 | V26: 74 | W26: 81 | X26: 74 | Y26: 77 | Z26: 75 | AA26: 73
A27: =DATE(YEAR(A26),MONTH(A26)+1,1) -> 45505 | B27: 98.2 | C27: 95 | D27: 71 | E27: 67 | F27: 87 | G27: 84 | H27: 87 | I27: 84 | J27: 101 | K27: 99 | L27: 77 | M27: 72 | O27: =DATE(YEAR(O26),MONTH(O26)+1,1) -> 45505 | P27: 96.1 | Q27: 100.8 | R27: 66 | S27: 72 | T27: 65 | U27: 79 | V27: 69 | W27: 75 | X27: 71 | Y27: 73 | Z27: 65 | AA27: 75
A28: =DATE(YEAR(A27),MONTH(A27)+1,1) -> 45536 | B28: 98.8 | C28: 94.7 | D28: 69 | E28: 68 | F28: 90 | G28: 86 | H28: 89 | I28: 86 | J28: 101 | K28: 106 | L28: 77 | M28: 80 | O28: =DATE(YEAR(O27),MONTH(O27)+1,1) -> 45536 | P28: 92.9 | Q28: 92.8 | R28: 61 | S28: 61 | T28: 64 | U28: 65 | V28: 66 | W28: 67 | X28: 67 | Y28: 69 | Z28: 67 | AA28: 63
A29: =DATE(YEAR(A28),MONTH(A28)+1,1) -> 45566 | B29: 95.1 | C29: 97.1 | D29: 65 | E29: 71 | F29: 86 | G29: 87 | H29: 89 | I29: 87 | J29: 105 | K29: 103 | L29: 74 | M29: 81 | O29: =DATE(YEAR(O28),MONTH(O28)+1,1) -> 45566 | P29: 96.5 | Q29: 95.1 | R29: 62 | S29: 63 | T29: 70 | U29: 68 | V29: 69 | W29: 71 | X29: 72 | Y29: 70 | Z29: 65 | AA29: 71
A30: =DATE(YEAR(A29),MONTH(A29)+1,1) -> 45597 | B30: 95.8 | C30: 95.3 | D30: 66 | E30: 69 | F30: 84 | G30: 87 | H30: 83 | I30: 89 | J30: 103 | K30: 104 | L30: 79 | M30: 75 | O30: =DATE(YEAR(O29),MONTH(O29)+1,1) -> 45597 | P30: 96.9 | Q30: 96 | R30: 64 | S30: 63 | T30: 70 | U30: 69 | V30: 71 | W30: 72 | X30: 70 | Y30: 72 | Z30: 72 | AA30: 68
A31: =DATE(YEAR(A30),MONTH(A30)+1,1) -> 45627 | B31: 95.8 | C31: 92.1 | D31: 68 | E31: 66 | F31: 80 | G31: 78 | H31: 80 | I31: 82 | J31: 97 | K31: 103 | L31: 73 | M31: 74 | O31: =DATE(YEAR(O30),MONTH(O30)+1,1) -> 45627 | P31: 97.1 | Q31: 96.2 | R31: 64 | S31: 64 | T31: 71 | U31: 70 | V31: 73 | W31: 71 | X31: 68 | Y31: 72 | Z31: 70 | AA31: 69
A33: =DATE(YEAR(A31),MONTH(A31)+1,1) -> 45658 | B33: 94.5 | C33: 91.4 | D33: 61 | E33: 64 | F33: 82 | G33: 77 | H33: 83 | I33: 76 | J33: 100 | K33: 100 | L33: 74 | M33: 72 | O33: =DATE(YEAR(O31),MONTH(O31)+1,1) -> 45658 | P33: 84.8 | Q33: 92.4 | R33: 51 | S33: 57 | T33: 56 | U33: 70 | V33: 59 | W33: 67 | X33: 59 | Y33: 67 | Z33: 64 | AA33: 68
A34: =DATE(YEAR(A33),MONTH(A33)+1,1) -> 45689 | B34: 90.3 | C34: 90.9 | D34: 58 | E34: 62 | F34: 79 | G34: 81 | H34: 72 | I34: 81 | J34: 99 | K34: 104 | L34: 68 | M34: 72 | O34: =DATE(YEAR(O33),MONTH(O33)+1,1) -> 45689 | P34: 91.1 | Q34: 84.3 | R34: 62 | S34: 50 | T34: 61 | U34: 58 | V34: 60 | W34: 58 | X34: 68 | Y34: 59 | Z34: 63 | AA34: 66
A35: =DATE(YEAR(A34),MONTH(A34)+1,1) -> 45717 | B35: 91.4 | C35: 91.3 | D35: 65 | E35: 61 | F35: 76 | G35: 82 | H35: 75 | I35: 76 | J35: 104 | K35: 101 | L35: 75 | M35: 72 | O35: =DATE(YEAR(O34),MONTH(O34)+1,1) -> 45717 | P35: 94.6 | Q35: 91.1 | R35: 57 | S35: 59 | T35: 69 | U35: 65 | V35: 69 | W35: 64 | X35: 70 | Y35: 67 | Z35: 60 | AA35: 64
A36: =DATE(YEAR(A35),MONTH(A35)+1,1) -> 45748 | B36: 88.6 | C36: 89.9 | D36: 59 | E36: 65 | F36: 73 | G36: 75 | H36: 76 | I36: 76 | J36: 107 | K36: 104 | L36: 74 | M36: 74 | O36: =DATE(YEAR(O35),MONTH(O35)+1,1) -> 45748 | P36: 91.8 | Q36: 97.4 | R36: 59 | S36: 61 | T36: 61 | U36: 73 | V36: 65 | W36: 73 | X36: 68 | Y36: 75 | Z36: 65 | AA36: 63
A37: =DATE(YEAR(A36),MONTH(A36)+1,1) -> 45778 | B37: 91.2 | C37: 89.3 | D37: 63 | E37: 59 | F37: 89 | G37: 77 | H37: 75 | I37: 74 | J37: 108 | K37: 102 | L37: 73 | M37: 72 | O37: =DATE(YEAR(O36),MONTH(O36)+1,1) -> 45778 | P37: 90.3 | Q37: 92 | R37: 57 | S37: 58 | T37: 63 | U37: 61 | V37: 64 | W37: 66 | X37: 64 | Y37: 72 | Z37: 66 | AA37: 66
A38: =DATE(YEAR(A37),MONTH(A37)+1,1) -> 45809 | B38: 92 | C38: 93.3 | D38: 63 | E38: 65 | F38: 75 | G38: 87 | H38: 77 | I38: 78 | J38: 102 | K38: 102 | L38: 75 | M38: 74 | O38: =DATE(YEAR(O37),MONTH(O37)+1,1) -> 45809 | P38: 87.4 | Q38: 91.2 | R38: 57 | S38: 60 | T38: 61 | U38: 63 | V38: 59 | W38: 65 | X38: 60 | Y38: 67 | Z38: 65 | AA38: 67
A39: =DATE(YEAR(A38),MONTH(A38)+1,1) -> 45839 | B39: 92.2 | C39: 93.5 | D39: 62 | E39: 68 | F39: 79 | G39: 82 | H39: 77 | I39: 81 | J39: 104 | K39: 104 | L39: 77 | M39: 78 | O39: =DATE(YEAR(O38),MONTH(O38)+1,1) -> 45839 | P39: 90.7 | Q39: 86.3 | R39: 60 | S39: 55 | T39: 63 | U39: 59 | V39: 63 | W39: 61 | X39: 64 | Y39: 59 | Z39: 68 | AA39: 66
A40: =DATE(YEAR(A39),MONTH(A39)+1,1) -> 45870 | B40: 89.9 | C40: 91.3 | D40: 60 | E40: 63 | F40: 78 | G40: 80 | H40: 71 | I40: 73 | J40: 105 | K40: 102 | L40: 76 | M40: 76 | O40: =DATE(YEAR(O39),MONTH(O39)+1,1) -> 45870 | P40: 89.3 | Q40: 88.5 | R40: 59 | S40: 59 | T40: 63 | U40: 61 | V40: 64 | W40: 63 | X40: 59 | Y40: 61 | Z40: 65 | AA40: 68
A41: =DATE(YEAR(A40),MONTH(A40)+1,1) -> 45901 | B41: 91.7 | C41: 90.1 | D41: 64 | E41: 62 | F41: 74 | G41: 81 | H41: 77 | I41: 75 | J41: 104 | K41: 106 | L41: 77 | M41: 77 | O41: =DATE(YEAR(O40),MONTH(O40)+1,1) -> 45901 | P41: 90.9 | Q41: 90.9 | R41: 63 | S41: 59 | T41: 62 | U41: 68 | V41: 63 | W41: 64 | X41: 63 | Y41: 64 | Z41: 71 | AA41: 66
A42: =DATE(YEAR(A41),MONTH(A41)+1,1) -> 45931 | B42: 87.2 | C42: 86.4 | D42: 51 | E42: 57 | F42: 67 | G42: 69 | H42: 67 | I42: 71 | J42: 100 | K42: 104 | L42: 74 | M42: 73 | O42: =DATE(YEAR(O41),MONTH(O41)+1,1) -> 45931 | P42: 93.3 | Q42: 91 | R42: 61 | S42: 59 | T42: 65 | U42: 63 | V42: 67 | W42: 67 | X42: 67 | Y42: 65 | Z42: 65 | AA42: 67
A43: =DATE(YEAR(A42),MONTH(A42)+1,1) -> 45962 | B43: 86.1 | C43: 90 | D43: 63 | E43: 56 | F43: 63 | G43: 71 | H43: 70 | I43: 74 | J43: 109 | K43: 97 | L43: 76 | M43: 72 | O43: =DATE(YEAR(O42),MONTH(O42)+1,1) -> 45962 | P43: 93.3 | Q43: 96.1 | R43: 64 | S43: 64 | T43: 66 | U43: 71 | V43: 66 | W43: 71 | X43: 65 | Y43: 71 | Z43: 68 | AA43: 67
A44: =DATE(YEAR(A43),MONTH(A43)+1,1) -> 45992 | B44: 90.2 | C44: 83.5 | D44: 64 | E44: 64 | F44: 69 | G44: 67 | H44: 70 | I44: 65 | J44: 101 | K44: 111 | L44: 75 | M44: 75 | O44: =DATE(YEAR(O43),MONTH(O43)+1,1) -> 45992 | P44: 100.7 | Q44: 94.3 | R44: 69 | S44: 64 | T44: 75 | U44: 70 | V44: 74 | W44: 68 | X44: 73 | Y44: 68 | Z44: 73 | AA44: 67
A46: =DATE(YEAR(A44),MONTH(A44)+1,1) -> 46023 | B46: 85.8 | C46: 89.9 | D46: 64 | E46: 66 | F46: 71 | G46: 68 | H46: 70 | I46: 74 | J46: 112 | K46: 102 | L46: 73 | M46: 76 | O46: =DATE(YEAR(O44),MONTH(O44)+1,1) -> 46023 | P46: 96.6 | Q46: 93.5 | R46: 63 | S46: 63 | T46: 65 | U46: 68 | V46: 71 | W46: 66 | X46: 73 | Y46: 69 | Z46: 69 | AA46: 71
A47: =DATE(YEAR(A46),MONTH(A46)+1,1) -> 46054 | B47: 97.7 | C47: 86.3 | D47: 72 | E47: 66 | F47: 81 | G47: 71 | H47: 79 | I47: 72 | J47: 99 | K47: 110 | L47: 81 | M47: 75 | O47: =DATE(YEAR(O46),MONTH(O46)+1,1) -> 46054 | P47: 93.7 | Q47: 96.2 | R47: 64 | S47: 64 | T47: 68 | U47: 70 | V47: 64 | W47: 71 | X47: 67 | Y47: 72 | Z47: 75 | AA47: 72
A48: =DATE(YEAR(A47),MONTH(A47)+1,1) -> 46082 | B48: 98.1 | C48: 95.6 | D48: 70 | E48: 73 | F48: 79 | G48: 81 | H48: 82 | I48: 79 | J48: 95 | K48: 102 | L48: 77 | M48: 82 | O48: =DATE(YEAR(O47),MONTH(O47)+1,1) -> 46082 | P48: 91.3 | Q48: 97 | R48: 62 | S48: 67 | T48: 62 | U48: 74 | V48: 61 | W48: 71 | X48: 67 | Y48: 70 | Z48: 72 | AA48: 75
A49: =DATE(YEAR(A48),MONTH(A48)+1,1) -> 46113 | B49: 99.4 | C49: 94.8 | D49: 77 | E49: 66 | F49: 83 | G49: 73 | H49: 81 | I49: 76 | J49: 101 | K49: 92 | L49: 85 | M49: 73 | O49: =DATE(YEAR(O48),MONTH(O48)+1,1) -> 46113 | P49: 92.6 | Q49: 91.4 | R49: 61 | S49: 62 | T49: 67 | U49: 65 | V49: 64 | W49: 62 | X49: 66 | Y49: 68 | Z49: 70 | AA49: 72
A51: 주 : 1) 「호조」응답업체 구성비(%) - 「부진」응답업체 구성비(%) + 100 2) 21.5월 이후는 신표본(전국사업체조사(2016년)→전국사업체조사(2018년) 기초)을 대상으로 산출한 지수 | O51: 주 : 1) 「호조」응답업체 구성비(%) - 「부진」응답업체 구성비(%) + 100 2) 21.5월 이후는 신표본(전국사업체조사(2016년)→전국사업체조사(2018년) 기초)을 대상으로 산출한 지수

Sheet 2.8.소비자동향지수
A1: 8. 소비자동향지수1)
A2: (울산광역시)
A3: 연월중 | B3: 소비자 심리지수 | C3: 현재 생활 형편 | D3: 생활 형편 전망 | E3: 가계 수입 전망 | F3: 현재 경기 판단 | G3: 향후 경기 전망 | H3: 취업 기회 전망 | I3: 물가 수준 전망 | J3: 주택 가격 전망 | K3: 임금 수준 전망 | L3: 금리 수준 전망 | M3: 소비 지출 전망
A5: 41244 | B5: 96 | C5: 80 | D5: 91 | E5: 95 | F5: 64 | G5: 79 | H5: 81 | I5: 134 | J5: - | K5: - | L5: 93 | M5: 109
A6: =DATE(YEAR(A5)+1,MONTH(A5),1) -> 41609 | B6: 107.6 | C6: 94 | D6: 98 | E6: 97 | F6: 84 | G6: 100 | H6: 94 | I6: 136 | J6: 115 | K6: 117 | L6: 97 | M6: 111
A7: =DATE(YEAR(A6)+1,MONTH(A6),1) -> 41974 | B7: 99.8 | C7: 88 | D7: 93 | E7: 98 | F7: 69 | G7: 82 | H7: 78 | I7: 129 | J7: 124 | K7: 113 | L7: 90 | M7: 106
A8: =DATE(YEAR(A7)+1,MONTH(A7),1) -> 42339 | B8: 100.6 | C8: 87 | D8: 95 | E8: 97 | F8: 70 | G8: 82 | H8: 79 | I8: 134 | J8: 108 | K8: 108 | L8: 119 | M8: 109
A9: =DATE(YEAR(A8)+1,MONTH(A8),1) -> 42705 | B9: 91.2 | C9: 83 | D9: 88 | E9: 93 | F9: 52 | G9: 68 | H9: 64 | I9: 134 | J9: 105 | K9: 105 | L9: 120 | M9: 103
A10: =DATE(YEAR(A9)+1,MONTH(A9),1) -> 43070 | B10: 105.6 | C10: 87 | D10: 98 | E10: 100 | F10: 83 | G10: 97 | H10: 90 | I10: 138 | J10: 105 | K10: 114 | L10: 129 | M10: 109
A11: =DATE(YEAR(A10)+1,MONTH(A10),1) -> 43435 | B11: 89.8 | C11: 82 | D11: 85 | E11: 89 | F11: 58 | G11: 70 | H11: 68 | I11: 142 | J11: 79 | K11: 107 | L11: 133 | M11: 103
A12: =DATE(YEAR(A11)+1,MONTH(A11),1) -> 43800 | B12: 95.8 | C12: 88 | D12: 88 | E12: 92 | F12: 71 | G12: 80 | H12: 80 | I12: 122 | J12: 128 | K12: 109 | L12: 93 | M12: 103
A13: =DATE(YEAR(A12)+1,MONTH(A12),1) -> 44166 | B13: 85.4 | C13: 80 | D13: 83 | E13: 84 | F13: 56 | G13: 77 | H13: 66 | I13: 130 | J13: 141 | K13: 102 | L13: 96 | M13: 94
A14: =DATE(YEAR(A13)+1,MONTH(A13),1) -> 44531 | B14: 102.8 | C14: 92 | D14: 93 | E14: 95 | F14: 80 | G14: 91 | H14: 86 | I14: 144 | J14: 114 | K14: 112 | L14: 137 | M14: 108
A15: =DATE(YEAR(A14)+1,MONTH(A14),1) -> 44896 | B15: 90.7 | C15: 84 | D15: 84 | E15: 90 | F15: 57 | G15: 67 | H15: 71 | I15: 140 | J15: 67 | K15: 113 | L15: 128 | M15: 106
A16: =DATE(YEAR(A15)+1,MONTH(A15),1) -> 45261 | B16: 99.8 | C16: 89 | D16: 91 | E16: 97 | F16: 71 | G16: 80 | H16: 80 | I16: 132 | J16: 93 | K16: 114 | L16: 103 | M16: 108
A17: =DATE(YEAR(A16)+1,MONTH(A16),1) -> 45627 | B17: 92.8 | C17: 85 | D17: 88 | E17: 94 | F17: 59 | G17: 66 | H17: 71 | I17: 135 | J17: 102 | K17: 113 | L17: 89 | M17: 104
A18: =DATE(YEAR(A17)+1,MONTH(A17),1) -> 45992 | B18: 108.9 | C18: 94 | D18: 97 | E18: 101 | F18: 90 | G18: 97 | H18: 89 | I18: 141 | J18: 126 | K18: 121 | L18: 101 | M18: 111
A20: =DATE(YEAR(표지!O1)-2,MONTH(표지!O1)-1,1) -> 45352 | B20: 102.6 | C20: 90 | D20: 92 | E20: 99 | F20: 76 | G20: 87 | H20: 85 | I20: 134 | J20: 95 | K20: 115 | L20: 93 | M20: 109
A21: =DATE(YEAR(A20),MONTH(A20)+1,1) -> 45383 | B21: 100.8 | C21: 90 | D21: 93 | E21: 96 | F21: 72 | G21: 86 | H21: 87 | I21: 133 | J21: 99 | K21: 116 | L21: 94 | M21: 107
A22: =DATE(YEAR(A21),MONTH(A21)+1,1) -> 45413 | B22: 98.7 | C22: 89 | D22: 90 | E22: 95 | F22: 74 | G22: 84 | H22: 83 | I22: 133 | J22: 106 | K22: 114 | L22: 98 | M22: 104
A23: =DATE(YEAR(A22),MONTH(A22)+1,1) -> 45444 | B23: 101.5 | C23: 89 | D23: 94 | E23: 96 | F23: 75 | G23: 87 | H23: 84 | I23: 132 | J23: 106 | K23: 115 | L23: 96 | M23: 108
A24: =DATE(YEAR(A23),MONTH(A23)+1,1) -> 45474 | B24: 103.5 | C24: 89 | D24: 94 | E24: 99 | F24: 80 | G24: 89 | H24: 90 | I24: 127 | J24: 111 | K24: 116 | L24: 92 | M24: 109
A25: =DATE(YEAR(A24),MONTH(A24)+1,1) -> 45505 | B25: 103.7 | C25: 91 | D25: 95 | E25: 99 | F25: 80 | G25: 86 | H25: 84 | I25: 130 | J25: 119 | K25: 117 | L25: 91 | M25: 108
A26: =DATE(YEAR(A25),MONTH(A25)+1,1) -> 45536 | B26: 101.1 | C26: 91 | D26: 93 | E26: 97 | F26: 77 | G26: 83 | H26: 84 | I26: 134 | J26: 121 | K26: 116 | L26: 86 | M26: 105
A27: =DATE(YEAR(A26),MONTH(A26)+1,1) -> 45566 | B27: 98.1 | C27: 87 | D27: 91 | E27: 95 | F27: 74 | G27: 82 | H27: 84 | I27: 131 | J27: 116 | K27: 115 | L27: 83 | M27: 104
A28: =DATE(YEAR(A27),MONTH(A27)+1,1) -> 45597 | B28: 98.3 | C28: 89 | D28: 90 | E28: 96 | F28: 71 | G28: 77 | H28: 79 | I28: 136 | J28: 110 | K28: 116 | L28: 90 | M28: 106
A29: =DATE(YEAR(A28),MONTH(A28)+1,1) -> 45627 | B29: 92.8 | C29: 85 | D29: 88 | E29: 94 | F29: 59 | G29: 66 | H29: 71 | I29: 135 | J29: 102 | K29: 113 | L29: 89 | M29: 104
A31: =DATE(YEAR(A29),MONTH(A29)+1,1) -> 45658 | B31: 90.4 | C31: 85 | D31: 88 | E31: 92 | F31: 51 | G31: 61 | H31: 67 | I31: 140 | J31: 95 | K31: 112 | L31: 91 | M31: 103
A32: =DATE(YEAR(A31),MONTH(A31)+1,1) -> 45689 | B32: 93.1 | C32: 87 | D32: 87 | E32: 92 | F32: 56 | G32: 69 | H32: 70 | I32: 140 | J32: 100 | K32: 113 | L32: 96 | M32: 106
A33: =DATE(YEAR(A32),MONTH(A32)+1,1) -> 45717 | B33: 92.1 | C33: 85 | D33: 89 | E33: 92 | F33: 57 | G33: 71 | H33: 69 | I33: 138 | J33: 103 | K33: 114 | L33: 87 | M33: 101
A34: =DATE(YEAR(A33),MONTH(A33)+1,1) -> 45748 | B34: 92.8 | C34: 85 | D34: 88 | E34: 93 | F34: 56 | G34: 69 | H34: 72 | I34: 143 | J34: 107 | K34: 113 | L34: 97 | M34: 105
A35: =DATE(YEAR(A34),MONTH(A34)+1,1) -> 45778 | B35: 99.6 | C35: 88 | D35: 94 | E35: 98 | F35: 63 | G35: 83 | H35: 80 | I35: 136 | J35: 112 | K35: 115 | L35: 94 | M35: 106
A36: =DATE(YEAR(A35),MONTH(A35)+1,1) -> 45809 | B36: 106.6 | C36: 90 | D36: 100 | E36: 99 | F36: 72 | G36: 104 | H36: 96 | I36: 133 | J36: 121 | K36: 119 | L36: 83 | M36: 110
A37: =DATE(YEAR(A36),MONTH(A36)+1,1) -> 45839 | B37: 108.1 | C37: 92 | D37: 99 | E37: 100 | F37: 82 | G37: 100 | H37: 92 | I37: 134 | J37: 110 | K37: 120 | L37: 93 | M37: 111
A38: =DATE(YEAR(A37),MONTH(A37)+1,1) -> 45870 | B38: 110.4 | C38: 95 | D38: 99 | E38: 102 | F38: 91 | G38: 97 | H38: 87 | I38: 138 | J38: 113 | K38: 119 | L38: 93 | M38: 112
A39: =DATE(YEAR(A38),MONTH(A38)+1,1) -> 45901 | B39: 107 | C39: 94 | D39: 99 | E39: 98 | F39: 89 | G39: 95 | H39: 86 | I39: 137 | J39: 117 | K39: 120 | L39: 89 | M39: 107
A40: =DATE(YEAR(A39),MONTH(A39)+1,1) -> 45931 | B40: 107.2 | C40: 95 | D40: 96 | E40: 99 | F40: 89 | G40: 93 | H40: 89 | I40: 138 | J40: 126 | K40: 119 | L40: 97 | M40: 109
A41: =DATE(YEAR(A40),MONTH(A40)+1,1) -> 45962 | B41: 110.8 | C41: 95 | D41: 99 | E41: 101 | F41: 97 | G41: 102 | H41: 92 | I41: 139 | J41: 126 | K41: 121 | L41: 98 | M41: 110
A42: =DATE(YEAR(A41),MONTH(A41)+1,1) -> 45992 | B42: 108.9 | C42: 94 | D42: 97 | E42: 101 | F42: 90 | G42: 97 | H42: 89 | I42: 141 | J42: 126 | K42: 121 | L42: 101 | M42: 111
A44: =DATE(YEAR(A42),MONTH(A42)+1,1) -> 46023 | B44: 112.1 | C44: 96 | D44: 100 | E44: 103 | F44: 93 | G44: 100 | H44: 87 | I44: 139 | J44: 128 | K44: 121 | L44: 104 | M44: 113
A45: =DATE(YEAR(A44),MONTH(A44)+1,1) -> 46054 | B45: 111.6 | C45: 94 | D45: 100 | E45: 102 | F45: 93 | G45: 101 | H45: 90 | I45: 140 | J45: 118 | K45: 120 | L45: 104 | M45: 114
A46: =DATE(YEAR(A45),MONTH(A45)+1,1) -> 46082 | B46: 107.6 | C46: 95 | D46: 97 | E46: 100 | F46: 85 | G46: 89 | H46: 87 | I46: 141 | J46: 107 | K46: 119 | L46: 108 | M46: 112
A47: =DATE(YEAR(A46),MONTH(A46)+1,1) -> 46113 | B47: 98.8 | C47: 88 | D47: 92 | E47: 95 | F47: 66 | G47: 80 | H47: 81 | I47: 146 | J47: 112 | K47: 116 | L47: 116 | M47: 109
A49: 주 : 1) (매우 좋아짐×1.0＋약간 좋아짐×0.5－약간 나빠짐×0.5－매우 나빠짐×1.0)÷전체 응답 소비자수×100+100

Sheet 2.9.자동차 신규등록대수
A1: 9. 자동차 신규등록대수
A2: (울산광역시) | F2: (대)
A3: 연월중 | B3: 합계 | C3: 승용차 | D3: 승합차 | E3: 화물차 | F3: 특수차
A5: 40909 | B5: 42275 | C5: 36306 | D5: 1378 | E5: 4395 | F5: 196
A6: =DATE(YEAR(A5)+1,MONTH(A5),1) -> 41275 | B6: 40722 | C6: 34647 | D6: 1417 | E6: 4479 | F6: 179
A7: =DATE(YEAR(A6)+1,MONTH(A6),1) -> 41640 | B7: 44758 | C7: 38549 | D7: 1206 | E7: 4801 | F7: 202
A8: =DATE(YEAR(A7)+1,MONTH(A7),1) -> 42005 | B8: 47892 | C8: 41363 | D8: 1158 | E8: 5118 | F8: 253
A9: =DATE(YEAR(A8)+1,MONTH(A8),1) -> 42370 | B9: 47012 | C9: 41289 | D9: 918 | E9: 4594 | F9: 211
A10: =DATE(YEAR(A9)+1,MONTH(A9),1) -> 42736 | B10: 43862 | C10: 37882 | D10: 890 | E10: 4873 | F10: 217
A11: =DATE(YEAR(A10)+1,MONTH(A10),1) -> 43101 | B11: 41404 | C11: 35741 | D11: 884 | E11: 4530 | F11: 249
A12: =DATE(YEAR(A11)+1,MONTH(A11),1) -> 43466 | B12: 39216 | C12: 33863 | D12: 820 | E12: 4304 | F12: 229
A13: =DATE(YEAR(A12)+1,MONTH(A12),1) -> 43831 | B13: 43344 | C13: 38205 | D13: 627 | E13: 4273 | F13: 239
A14: =DATE(YEAR(A13)+1,MONTH(A13),1) -> 44197 | B14: 37550 | C14: 32695 | D14: 418 | E14: 4100 | F14: 337
A15: =DATE(YEAR(A14)+1,MONTH(A14),1) -> 44562 | B15: 35953 | C15: 30760 | D15: 464 | E15: 4434 | F15: 295
A16: =DATE(YEAR(A15)+1,MONTH(A15),1) -> 44927 | B16: 44458 | C16: 39145 | D16: 524 | E16: 4570 | F16: 219
A17: =DATE(YEAR(A16)+1,MONTH(A16),1) -> 45292 | B17: 37567 | C17: 33458 | D17: 588 | E17: 3362 | F17: 159
A18: =DATE(YEAR(A17)+1,MONTH(A17),1) -> 45658 | B18: 39862 | C18: 35985 | D18: 642 | E18: 3088 | F18: 147
A20: =DATE(YEAR(표지!O1)-2,MONTH(표지!O1)-1,1) -> 45352 | B20: 3143 | C20: 2729 | D20: 30 | E20: 366 | F20: 18
A21: =DATE(YEAR(A20),MONTH(A20)+1,1) -> 45383 | B21: 3117 | C21: 2730 | D21: 42 | E21: 325 | F21: 20
A22: =DATE(YEAR(A21),MONTH(A21)+1,1) -> 45413 | B22: 3116 | C22: 2773 | D22: 44 | E22: 283 | F22: 16
A23: =DATE(YEAR(A22),MONTH(A22)+1,1) -> 45444 | B23: 2918 | C23: 2589 | D23: 38 | E23: 274 | F23: 17
A24: =DATE(YEAR(A23),MONTH(A23)+1,1) -> 45474 | B24: 3246 | C24: 2863 | D24: 53 | E24: 312 | F24: 18
A25: =DATE(YEAR(A24),MONTH(A24)+1,1) -> 45505 | B25: 2510 | C25: 2255 | D25: 43 | E25: 203 | F25: 9
A26: =DATE(YEAR(A25),MONTH(A25)+1,1) -> 45536 | B26: 3007 | C26: 2762 | D26: 35 | E26: 205 | F26: 5
A27: =DATE(YEAR(A26),MONTH(A26)+1,1) -> 45566 | B27: 3237 | C27: 2907 | D27: 53 | E27: 261 | F27: 16
A28: =DATE(YEAR(A27),MONTH(A27)+1,1) -> 45597 | B28: 3327 | C28: 3010 | D28: 58 | E28: 249 | F28: 10
A29: =DATE(YEAR(A28),MONTH(A28)+1,1) -> 45627 | B29: 3295 | C29: 2926 | D29: 100 | E29: 264 | F29: 5
A31: =DATE(YEAR(A29),MONTH(A29)+1,1) -> 45658 | B31: 3308 | C31: 3040 | D31: 42 | E31: 212 | F31: 14
A32: =DATE(YEAR(A31),MONTH(A31)+1,1) -> 45689 | B32: 3426 | C32: 3123 | D32: 49 | E32: 241 | F32: 13
A33: =DATE(YEAR(A32),MONTH(A32)+1,1) -> 45717 | B33: 3408 | C33: 3053 | D33: 82 | E33: 261 | F33: 12
A34: =DATE(YEAR(A33),MONTH(A33)+1,1) -> 45748 | B34: 3914 | C34: 3520 | D34: 81 | E34: 296 | F34: 17
A35: =DATE(YEAR(A34),MONTH(A34)+1,1) -> 45778 | B35: 3214 | C35: 2905 | D35: 44 | E35: 256 | F35: 9
A36: =DATE(YEAR(A35),MONTH(A35)+1,1) -> 45809 | B36: 3369 | C36: 3066 | D36: 48 | E36: 247 | F36: 8
A37: =DATE(YEAR(A36),MONTH(A36)+1,1) -> 45839 | B37: 3480 | C37: 3081 | D37: 60 | E37: 323 | F37: 16
A38: =DATE(YEAR(A37),MONTH(A37)+1,1) -> 45870 | B38: 2728 | C38: 2436 | D38: 38 | E38: 244 | F38: 10
A39: =DATE(YEAR(A38),MONTH(A38)+1,1) -> 45901 | B39: 3183 | C39: 2851 | D39: 66 | E39: 248 | F39: 18
A40: =DATE(YEAR(A39),MONTH(A39)+1,1) -> 45931 | B40: 2832 | C40: 2535 | D40: 53 | E40: 237 | F40: 7
A41: =DATE(YEAR(A40),MONTH(A40)+1,1) -> 45962 | B41: 3646 | C41: 3324 | D41: 34 | E41: 274 | F41: 14
A42: =DATE(YEAR(A41),MONTH(A41)+1,1) -> 45992 | B42: 3354 | C42: 3051 | D42: 45 | E42: 249 | F42: 9
A44: =DATE(YEAR(A42),MONTH(A42)+1,1) -> 46023 | B44: 2944 | C44: 2696 | D44: 34 | E44: 201 | F44: 13
A45: =DATE(YEAR(A44),MONTH(A44)+1,1) -> 46054 | B45: 2585 | C45: 2239 | D45: 18 | E45: 315 | F45: 13
A46: =DATE(YEAR(A45),MONTH(A45)+1,1) -> 46082 | B46: 3235 | C46: 2846 | D46: 36 | E46: 344 | F46: 9
A48: 자료 : 국토교통부

Sheet 2.10.전력 사용량
A1: 10. 전력 사용량
A2: (울산광역시) | H2: (MWh)
A3: 연월중 | B3: 계
C4: 가정용 | D4: 산업용
E5: 공공서비스 | F5: 농림어업 | G5: 광업 | H5: 제조업
A7: 40909 | B7: 29362726 | C7: 1415435 | D7: =SUM(E7:H7) -> 27947275 | E7: 3812795 | F7: 77375 | G7: 20414 | H7: 24036691
A8: =DATE(YEAR(A7)+1,MONTH(A7),1) -> 41275 | B8: 29992967 | C8: 1445228 | D8: =SUM(E8:H8) -> 28547727 | E8: 4092144 | F8: 80826 | G8: 20044 | H8: 24354713
A9: =DATE(YEAR(A8)+1,MONTH(A8),1) -> 41640 | B9: 30115124 | C9: 1419552.2 | D9: =SUM(E9:H9) -> 28695572 | E9: 3812092.4 | F9: 79595.86 | G9: 19389.01 | H9: 24784494
A10: =DATE(YEAR(A9)+1,MONTH(A9),1) -> 42005 | B10: 30286140 | C10: 1450240.8 | D10: =SUM(E10:H10) -> 28835899 | E10: 3928437.8 | F10: 74015.304 | G10: 20660.608 | H10: 24812785
A11: =DATE(YEAR(A10)+1,MONTH(A10),1) -> 42370 | B11: 32095217 | C11: 1488488.9 | D11: =SUM(E11:H11) -> 30606728 | E11: 4293295.6 | F11: 76078.529 | G11: 21516.297 | H11: 26215837
A12: =DATE(YEAR(A11)+1,MONTH(A11),1) -> 42736 | B12: 31609850 | C12: 1487142.9 | D12: =SUM(E12:H12) -> 30122707 | E12: 4139250.6 | F12: 80220.861 | G12: 20103.397 | H12: 25883132
A13: =DATE(YEAR(A12)+1,MONTH(A12),1) -> 43101 | B13: 33748169 | C13: 1552258.6 | D13: =SUM(E13:H13) -> 32195911 | E13: 4285255.2 | F13: 83071.186 | G13: 16310.221 | H13: 27811274
A14: =DATE(YEAR(A13)+1,MONTH(A13),1) -> 43466 | B14: 34138999 | C14: 1546257.1 | D14: =SUM(E14:H14) -> 32592741 | E14: 4055987.9 | F14: 80392.274 | G14: 13075.799 | H14: 28443285
A15: =DATE(YEAR(A14)+1,MONTH(A14),1) -> 43831 | B15: 33157834 | C15: 1611701.7 | D15: =SUM(E15:H15) -> 31546133 | E15: 3882246.3 | F15: 80505.333 | G15: 14901.496 | H15: 27568480
A16: =DATE(YEAR(A15)+1,MONTH(A15),1) -> 44197 | B16: 33593123 | C16: 1638729.7 | D16: =SUM(E16:H16) -> 31954393 | E16: 4017680.8 | F16: 90321.352 | G16: 15116.935 | H16: 27831274
A17: =DATE(YEAR(A16)+1,MONTH(A16),1) -> 44562 | B17: 32919181 | C17: 1648160.6 | D17: =SUM(E17:H17) -> 31271020 | E17: 4043108.5 | F17: 92980.126 | G17: 13921.323 | H17: 27121010
A18: =DATE(YEAR(A17)+1,MONTH(A17),1) -> 44927 | B18: 31826127 | C18: 1655911.5 | D18: =SUM(E18:H18) -> 30170215 | E18: 4057121 | F18: 88936.843 | G18: 12193.044 | H18: 26011964
A19: =DATE(YEAR(A18)+1,MONTH(A18),1) -> 45292 | B19: 31919081 | C19: 1765790.6 | D19: =SUM(E19:H19) -> 30153290 | E19: 4437338 | F19: 91837.384 | G19: 11714.976 | H19: 25612400
A20: =DATE(YEAR(A19)+1,MONTH(A19),1) -> 45658 | B20: 30098713 | C20: 1789595 | D20: =SUM(E20:H20) -> 28309118 | E20: 4569456.4 | F20: 91301.43 | G20: 10799.17 | H20: 23637561
A22: =DATE(YEAR(표지!O1)-2,MONTH(표지!O1)-1,1) -> 45352 | B22: 2644196 | C22: 129879.7 | D22: =SUM(E22:H22) -> 2514316.3 | E22: 341553.2 | F22: 6964.371 | G22: 1005.426 | H22: 2164793.3
A23: =DATE(YEAR(A22),MONTH(A22)+1,1) -> 45383 | B23: 2534292.6 | C23: 130146.94 | D23: =SUM(E23:H23) -> 2404145.7 | E23: 335991.67 | F23: 6574.549 | G23: 929.267 | H23: 2060650.2
A24: =DATE(YEAR(A23),MONTH(A23)+1,1) -> 45413 | B24: 2654905.2 | C24: 121083.94 | D24: =SUM(E24:H24) -> 2533821.3 | E24: 334043.89 | F24: 5701.031 | G24: 1026.06 | H24: 2193050.3
A25: =DATE(YEAR(A24),MONTH(A24)+1,1) -> 45444 | B25: 2589963.5 | C25: 124467.17 | D25: =SUM(E25:H25) -> 2465496.3 | E25: 344642.47 | F25: 6436.288 | G25: 1007.039 | H25: 2113410.5
A26: =DATE(YEAR(A25),MONTH(A25)+1,1) -> 45474 | B26: 2835277.1 | C26: 147499.5 | D26: =SUM(E26:H26) -> 2687777.6 | E26: 398583.44 | F26: 7035.78 | G26: 1001.726 | H26: 2281156.7
A27: =DATE(YEAR(A26),MONTH(A26)+1,1) -> 45505 | B27: 2862344.9 | C27: 214872.77 | D27: =SUM(E27:H27) -> 2647472.2 | E27: 456938.08 | F27: 10402.173 | G27: 976.249 | H27: 2179155.7
A28: =DATE(YEAR(A27),MONTH(A27)+1,1) -> 45536 | B28: 2782183.4 | C28: 205550.45 | D28: =SUM(E28:H28) -> 2576633 | E28: 412419.08 | F28: 10428.728 | G28: 864.584 | H28: 2152920.6
A29: =DATE(YEAR(A28),MONTH(A28)+1,1) -> 45566 | B29: 2787292.7 | C29: 148987.59 | D29: =SUM(E29:H29) -> 2638305.1 | E29: 366379.97 | F29: 7659.421 | G29: 1055.565 | H29: 2263210.1
A30: =DATE(YEAR(A29),MONTH(A29)+1,1) -> 45597 | B30: 2483059.5 | C30: 127995.18 | D30: =SUM(E30:H30) -> 2355064.3 | E30: 377129.99 | F30: 7659.568 | G30: 984.295 | H30: 1969290.5
A31: =DATE(YEAR(A30),MONTH(A30)+1,1) -> 45627 | B31: 2501774.6 | C31: 130184.48 | D31: =SUM(E31:H31) -> 2371590.1 | E31: 352261.77 | F31: 6654.319 | G31: 1070.62 | H31: 2011603.4
A33: =DATE(YEAR(A31),MONTH(A31)+1,1) -> 45658 | B33: 2532245.1 | C33: 144007.35 | D33: =SUM(E33:H33) -> 2388237.8 | E33: 411622.75 | F33: 8115.289 | G33: 1014.137 | H33: 1967485.6
A34: =DATE(YEAR(A33),MONTH(A33)+1,1) -> 45689 | B34: 2344108.2 | C34: 146784.72 | D34: =SUM(E34:H34) -> 2197323.5 | E34: 404237.63 | F34: 8568.833 | G34: 983.674 | H34: 1783533.4
A35: =DATE(YEAR(A34),MONTH(A34)+1,1) -> 45717 | B35: 2451879.8 | C35: 127847.2 | D35: =SUM(E35:H35) -> 2324032.6 | E35: 366366.93 | F35: 7115.353 | G35: 1015.025 | H35: 1949535.2
A36: =DATE(YEAR(A35),MONTH(A35)+1,1) -> 45748 | B36: 2536601.6 | C36: 131178.98 | D36: =SUM(E36:H36) -> 2405422.6 | E36: 389629.48 | F36: 6361.896 | G36: 985.887 | H36: 2008445.4
A37: =DATE(YEAR(A36),MONTH(A36)+1,1) -> 45778 | B37: 2533581.2 | C37: 121883.08 | D37: =SUM(E37:H37) -> 2411698.1 | E37: 287028.23 | F37: 5711.767 | G37: 954.327 | H37: 2118003.8
A38: =DATE(YEAR(A37),MONTH(A37)+1,1) -> 45809 | B38: 2464921.4 | C38: 127377.58 | D38: =SUM(E38:H38) -> 2337543.9 | E38: 364230.31 | F38: 6336.289 | G38: 918.25 | H38: 1966059
A39: =DATE(YEAR(A38),MONTH(A38)+1,1) -> 45839 | B39: 2652720.5 | C39: 165723.72 | D39: =SUM(E39:H39) -> 2486996.7 | E39: 408689.33 | F39: 7507.369 | G39: 931.11 | H39: 2069868.9
A40: =DATE(YEAR(A39),MONTH(A39)+1,1) -> 45870 | B40: 2723485.6 | C40: 205927.05 | D40: =SUM(E40:H40) -> 2517558.5 | E40: 416744.17 | F40: 9470.531 | G40: 831.804 | H40: 2090512
A41: =DATE(YEAR(A40),MONTH(A40)+1,1) -> 45901 | B41: 2701688.5 | C41: 212661.02 | D41: =SUM(E41:H41) -> 2489027.5 | E41: 428986.05 | F41: 10209.094 | G41: 884.14 | H41: 2048948.2
A42: =DATE(YEAR(A41),MONTH(A41)+1,1) -> 45931 | B42: 2473235.8 | C42: 141908.76 | D42: =SUM(E42:H42) -> 2331327 | E42: 371313.77 | F42: 7542.322 | G42: 619.654 | H42: 1951851.3
A43: =DATE(YEAR(A42),MONTH(A42)+1,1) -> 45962 | B43: 2281092.7 | C43: 131665.88 | D43: =SUM(E43:H43) -> 2149426.8 | E43: 358346.52 | F43: 7657.065 | G43: 752.035 | H43: 1782671.2
A44: =DATE(YEAR(A43),MONTH(A43)+1,1) -> 45992 | B44: 2403152.3 | C44: 132629.61 | D44: =SUM(E44:H44) -> 2270522.7 | E44: 362261.22 | F44: 6705.622 | G44: 909.127 | H44: 1900646.7
A46: =DATE(YEAR(A44),MONTH(A44)+1,1) -> 46023 | B46: 2532401.3 | C46: 146144.03 | D46: =SUM(E46:H46) -> 2386257.3 | E46: 401423.34 | F46: 8169.793 | G46: 830.849 | H46: 1975833.3
A47: =DATE(YEAR(A46),MONTH(A46)+1,1) -> 46054 | B47: 2261521.4 | C47: 148422.27 | D47: =SUM(E47:H47) -> 2113099.1 | E47: 382600.17 | F47: 8550.168 | G47: 796.656 | H47: 1721152.1
A49: 자료 : 한국전력
A50: 주: 1) 월간통계중 업종별 수치는 모두 잠정치로서 확정치인 연간통계의 값과 불일치할 수 있음
A51: 2) 제조업의 경우 2017년 시계열부터 제10차 한국표준산업분류 개정(2017.7.1부터 시행)에 따라 업종명 및 포괄범위가 변경

Sheet 2.11.기업경영분석
A1: 11. 기업경영분석1) | P1: 11. 기업경영분석1)
A2: (울산광역시) | O2: (%) | P2: (울산광역시) | AD2: (%)
A3: 년 | B3: 전산업 | P3: 년 | Q3: 제조업
B4: 부채비율3) | C4: 자기자본비율 | D4: 차입금의존도4) | E4: 유동비율 | F4: 비유동비율 | G4: 매출액영업이익률 | H4: 매출액세전순이익률5) | I4: 금융비용 대 매출액비율6) | J4: 이자보상비율7) | K4: 차입금 평균 이자율8) | L4: 인건비 대 영업총비용9) | M4: 매출액 증가율 | N4: 유형자산 증가율 | O4: 총자산 증가율 | Q4: 부채비율3) | R4: 자기자본비율 | S4: 차입금의존도4) | T4: 유동비율 | U4: 비유동비율 | V4: 매출액영업이익률 | W4: 매출액세전순이익률5) | X4: 금융비용 대 매출액비율6) | Y4: 이자보상비율7) | Z4: 차입금 평균 이자율8) | AA4: 인건비 대 영업총비용9) | AB4: 매출액 증가율 | AC4: 유형자산 증가율 | AD4: 총자산 증가율
A6: 2014 | B6: - | C6: - | D6: - | E6: - | F6: - | G6: - | H6: - | I6: - | J6: - | K6: - | L6: - | M6: - | N6: - | O6: - | P6: =A6 -> 2014 | Q6: 135.6 | R6: 42.44 | S6: 29.28 | T6: 107.61 | U6: 131 | V6: -2.88 | W6: -3.95 | X6: 0.83 | Y6: -346.45 | Z6: 2.61 | AA6: 10.99 | AB6: -10.98 | AC6: 7.21 | AD6: 2.12
A7: 2015 | B7: - | C7: - | D7: - | E7: - | F7: - | G7: - | H7: - | I7: - | J7: - | K7: - | L7: - | M7: - | N7: - | O7: - | P7: =A7 -> 2015 | Q7: 130.03 | R7: 43.47 | S7: 31.24 | T7: 109.32 | U7: 135.07 | V7: -0.61 | W7: -1.75 | X7: 0.8 | Y7: -77.23 | Z7: 2.41 | AA7: 11.6 | AB7: 1.76 | AC7: 4.2 | AD7: -0.31
A8: 2016 | B8: - | C8: - | D8: - | E8: - | F8: - | G8: - | H8: - | I8: - | J8: - | K8: - | L8: - | M8: - | N8: - | O8: - | P8: =A8 -> 2016 | Q8: 111.34 | R8: 47.32 | S8: 30.97 | T8: 105.82 | U8: 128.28 | V8: 3.7 | W8: 2.48 | X8: 0.97 | Y8: 380.7 | Z8: 2.53 | AA8: 12.82 | AB8: -8.79 | AC8: 5.58 | AD8: 0.47
A9: =A8+1 -> 2017 | B9: 121.16 | C9: 45.22 | D9: 34.66 | E9: 113.99 | F9: 146.59 | G9: 4.44 | H9: 7.08 | I9: 1.77 | J9: 250.82 | K9: 3.24 | L9: 15.64 | M9: -4.45 | N9: -1.79 | O9: 1.24 | P9: =A9 -> 2017 | Q9: 86.33 | R9: 47.32 | S9: 30.97 | T9: 105.82 | U9: 128.28 | V9: 3.7 | W9: 2.48 | X9: 0.97 | Y9: 380.7 | Z9: 2.53 | AA9: 12.82 | AB9: -8.79 | AC9: 5.58 | AD9: 0.47
A10: =A9+1 -> 2018 | B10: 115.71 | C10: 46.36 | D10: 33.79 | E10: 117.98 | F10: 142.41 | G10: 3.04 | H10: 1.49 | I10: 1.89 | J10: 160.46 | K10: 3.53 | L10: 14.72 | M10: -1.44 | N10: 0.64 | O10: 0.87 | P10: =A10 -> 2018 | Q10: 81.45 | R10: 55.11 | S10: 24.99 | T10: 115.69 | U10: 111.58 | V10: 2.84 | W10: 2.16 | X10: 1.18 | Y10: 241.34 | Z10: 3.24 | AA10: 11.38 | AB10: -1.49 | AC10: -0.1 | AD10: 1.03
A11: =A10+1 -> 2019 | B11: 146.04 | C11: 40.64 | D11: 39.08 | E11: 124.61 | F11: 159.81 | G11: 4.14 | H11: 2.64 | I11: 1.9 | J11: 217.57 | K11: 3.62 | L11: 17.5 | M11: 1.95 | N11: 5.36 | O11: 2.82 | P11: =A11 -> 2019 | Q11: 83.34 | R11: 54.54 | S11: 26.64 | T11: 124.55 | U11: 111.67 | V11: 4.25 | W11: 3.42 | X11: 1 | Y11: 424.17 | Z11: 3.48 | AA11: 11.98 | AB11: 2.78 | AC11: 3.51 | AD11: 2.19
A12: =A11+1 -> 2020 | B12: 155.05 | C12: 39.21 | D12: 38.33 | E12: 122.31 | F12: 163.36 | G12: 2.83 | H12: -2.96 | I12: 1.94 | J12: 145.78 | K12: 3.39 | L12: 16.18 | M12: 0.59 | N12: 5.06 | O12: 3.65 | P12: =A12 -> 2020 | Q12: 97.79 | R12: 50.56 | S12: 29.01 | T12: 124.16 | U12: 115.55 | V12: 3.12 | W12: 1.38 | X12: 1.09 | Y12: 285.83 | Z12: 3.18 | AA12: 12.05 | AB12: 4.17 | AC12: 5.4 | AD12: 6.2
A13: =A12+1 -> 2021 | B13: 158.18 | C13: 38.73 | D13: 38.05 | E13: 125.53 | F13: 159.01 | G13: 3.25 | H13: 3.29 | I13: 1.57 | J13: 207.29 | K13: 2.95 | L13: 14.11 | M13: 15.01 | N13: 4.89 | O13: 11.2 | P13: =A13 -> 2021 | Q13: 100.36 | R13: 49.91 | S13: 25.01 | T13: 125.81 | U13: 112.62 | V13: 3.55 | W13: 4.03 | X13: 0.83 | Y13: 427.09 | Z13: 2.8 | AA13: 10.5 | AB13: 18.83 | AC13: 2.71 | AD13: 11.33
A14: =A13+1 -> 2022 | B14: 162.26 | C14: 38.13 | D14: 37.09 | E14: 119.75 | F14: 161.15 | G14: 3.55 | H14: 3.16 | I14: 1.64 | J14: 216.76 | K14: 3.35 | L14: 13.31 | M14: 18.3 | N14: 6.34 | O14: 11.32 | P14: =A14 -> 2022 | Q14: 108.19 | R14: 48.03 | S14: 22.98 | T14: 116.87 | U14: 115.96 | V14: 3.81 | W14: 4.13 | X14: 0.87 | Y14: 436.21 | Z14: 3.51 | AA14: 9.91 | AB14: 16.03 | AC14: 3.88 | AD14: 8.91
A15: =A14+1 -> 2023 | B15: 163.81 | C15: 37.91 | D15: 38.61 | E15: 113.44 | F15: 164.12 | G15: 2.83 | H15: 1.97 | I15: 1.93 | J15: 146.44 | K15: 3.94 | L15: 13.93 | M15: 3.81 | N15: 15.16 | O15: 2.68 | P15: =A15 -> 2023 | Q15: 114.92 | R15: 46.53 | S15: 25.01 | T15: 111.69 | U15: 119.14 | V15: 2.63 | W15: 2.06 | X15: 1.18 | Y15: 222.51 | Z15: 4.82 | AA15: 10.38 | AB15: 4.16 | AC15: 4.64 | AD15: 3.54
A16: =A15+1 -> 2024 | B16: 170.94 | C16: 36.91 | D16: 37.98 | E16: 106.71 | F16: 170.16 | G16: 3.84 | H16: 2.5 | I16: 2.04 | J16: 188.63 | K16: 4.07 | L16: 14.05 | M16: 5.97 | N16: 10.09 | O16: 9.77 | P16: =A16 -> 2024 | Q16: 119.53 | R16: 45.55 | S16: 22.23 | T16: 106.69 | U16: 123.72 | V16: 3.26 | W16: 2.45 | X16: 1.25 | Y16: 261.55 | Z16: 5.31 | AA16: 10.63 | AB16: 9.65 | AC16: 8.39 | AD16: 9.75
A18: 주 :1) 2010년 이후부터는 울산지역 본점 소재 영리법인에 대해 국세청 법인세 신고자료를 이용하여 전수조사(2009년까지는 모집단 추출방식에 의한 표본조사 방식으로 분석) 2) 2010년 이후부터 전산업을 대상으로 분석 3) 부채/자기자본*100 4) (장·단기차입금+회사채)/총자본*100 5) 법인세차감전순손익/매출액*100 6) 이자비용/매출액*100 7) 영업이익/이자비용*100 8) 이자비용/(장·단기차입금+회사채)*100 9) 영업총비용 = 당기총제조비용+판매비와관리비 | P18: 주 :1) 2010년 이후부터는 울산지역 본점 소재 영리법인에 대해 국세청 법인세 신고자료를 이용하여 전수조사(2009년까지는 모집단 추출방식에 의한 표본조사 방식으로 분석) 2) 2010년 이후부터 전산업을 대상으로 분석 3) 부채/자기자본*100 4) (장·단기차입금+회사채)/총자본*100 5) 법인세차감전순손익/매출액*100 6) 이자비용/매출액*100 7) 영업이익/이자비용*100 8) 이자비용/(장·단기차입금+회사채)*100 9) 영업총비용 = 당기총제조비용+판매비와관리비
